principal_component_1,principal_component_2
1.7070217764333866,-0.4663596907581753
-1.4243003292255707,-1.576981869832064
1.1035881275881048,0.05106096927434822
-1.4266136707563641,1.3225259520552195
-0.4018789480385828,0.7510001372984594
0.06454386825275148,-0.3387011315467062
-0.2178884029493521,0.04080381137092766
-1.18172418898289,1.3160938796967037
-1.2901548284381155,0.5571885436202538
-1.612124515375976,-1.3475199948833236
-0.9479696539680041,1.0034954894886692
-0.974071784068356,1.5645695358077583
1.29312964464482,-0.32254306005679545
-0.8702960805057426,-1.8798910996082174
-0.8625269987997582,2.2684546899722924
3.195191258856744,-1.2487826589801914
-1.6322617707196183,0.3492980677804457
0.09518390733798418,-0.9499029116721113
2.1192996749850477,-1.774457903383143
-1.2019720138030827,1.3229267627838093
-0.16395640227344702,1.680553596237087
0.9571026818154992,-1.514546865522033
0.042758151574717226,-1.2984269698520627
-0.5369530422556177,-1.2595267050879515
-0.6793617414791332,0.9485969360672613
-1.2138841704422816,-0.0729773936239278
-1.1455478853983472,1.5616042587975116
2.841316519549153,-0.04260177104351488
-1.0136760177874533,2.4867203551240427
-0.0012629453651347433,0.2800273178953867
-0.38120387075778195,0.2760620975000787
-1.1382023212719534,-1.7507138043655763
1.579747217626249,-1.3422398577686458
-1.3049412453470741,-1.8297624359598408
0.3344211392019802,-0.18702918985144587
-1.4050761838096715,0.7665446625428374
-1.009035669597398,0.36778835724488956
1.5214148691118077,-1.208081484425578
0.993396652070224,0.36965399351711603
-1.5576266826364846,1.4567379981020816
-1.3690820670575012,-0.5950651282621064
0.16546922749070317,-0.12076515653236713
-1.777931660239275,0.8617381077149769
1.408660316431468,0.7566049959062018
-1.0500770308089304,3.016234633381751
-1.0086021609902802,0.00451185052598807
-1.791776578571031,-2.379854878123907
0.3582916844893987,-1.9671967827046846
-0.0027512506793022085,-1.0709342899079124
2.1548536310728483,-0.18213451421959523
-1.166748496208755,0.7256956543254468
3.2744555256148624,0.9843927350826837
-0.6227366119526496,-0.0905479848374407
3.1402028300901166,-0.7749711062183605
1.385116133358197,0.11522487575629642
-1.4431917064989457,1.6102969356242929
-0.9075621572074665,0.9352711431064145
-0.26844608186637375,-0.18149958564144816
2.9278487866841223,1.433780451297823
-0.5909032689753626,-0.3125147923284971
0.322521449940067,-1.4330525210955867
0.17878324278425192,-1.539347426392972
1.4906582823530794,-1.205709420528667
-1.376031729493475,0.386364753091721
-1.8182986019090326,-0.49561209731967804
2.260804070881643,0.47241497697099055
0.19858646130546745,-1.0550237565964355
-0.051652630374993486,-1.3715462304301604
1.5470066461262117,-0.7477849147581679
-0.7929102178310865,0.2665669358847842
0.31284662138369607,-0.9605279093500813
-0.06435810988480933,-0.13641924988359955
-0.38264159075366133,-0.39449307410862644
-1.133105242650363,0.6862186775700142
2.2126748119151496,0.42186358559134296
3.116508170081993,0.8052012430268598
-0.6315604216728877,1.378790929623808
1.306097885821406,0.335603006915452
-1.2535971803190495,1.3608182600855634
-1.3680907792295975,0.23641825547628245
-1.3899752638241554,0.5497389885923635
-0.0012629453651347433,0.2800273178953867
1.163137892455603,1.5627677935197912
-1.7891736947584052,-0.9792263672990583
-1.0259291206407006,-0.20692430958871336
0.7616575686997601,-0.6665080662003962
2.3873833280182115,0.6191330522963605
-0.6126772524361823,-0.2066293451978846
-1.374458159919418,-1.9939040031065627
-1.3505053429526306,-1.4083313317347148
0.8395390234113644,0.8186320145778739
-1.036986894421846,0.29849990321913944
-1.4032896337658012,0.33378639255179676
-1.357199400557021,1.215627621704253
0.31635418865159626,-0.5644638507845431
-1.3994299235812602,-0.3238623267203449
2.13688662758491,-0.9371030559777077
0.18820026459632275,1.6126325312199126
-0.8061539452179727,-0.6342689884463052
-1.0867563847419508,-0.5718358322162
0.8966004290517062,0.26033451140583697
1.4553028836949735,-1.3797749422139862
1.7740595354878967,-0.5727257958161844
-1.4579984524586078,0.9810965227070341
-1.287744441627915,-0.8979361576075979
-0.5515113958612498,-0.6336220895349116
-1.0461165826410401,0.7639504426371841
1.5653824293320304,-0.4958934585921977
0.530953686021594,0.3633602739601147
2.4800222650873294,2.011577671074783
0.48189624950583576,-0.44763756492864426
2.388641884224658,2.051346615027854
-0.5620861708654219,0.8105716152145285
-1.303239978249877,-1.046838925937856
3.5853581403324615,0.37489257960272904
-0.674844073499613,0.7372721565251549
-1.7854284271768603,-0.48471278008849716
-1.4411050540831787,0.2790572231408247
-0.02548478770508944,-1.289300737857419
-1.157339066711423,0.02890175707156721
-2.1862030597935003,0.9448501761266268
-1.2860951314254485,0.7038586824829278
3.7632724069805326,1.3904738761644697
0.8902371797883251,0.07230280097425884
2.259906562906834,1.2564181229103717
-1.2003729263521021,-1.7434416687362304
-0.4251822638662882,-0.6349668545872491
-0.19592279260240644,-1.8095168613379098
-0.06988021651395421,-1.413253828412248
-0.5577204373080886,-1.4922824155140855
1.0644496056858297,0.32871955593998536
-0.12688079401576505,-0.5187972901978026
-1.3523843544791425,-0.8303653792328809
2.2015576342098653,0.33869111035464705
-1.7374172668540484,0.9212715808730828
-2.230438208224311,-1.6248320775759066
-1.1435626306534128,0.03098831498281833
-1.6803543274130377,-0.6815197205337297
2.625905553808431,1.6915896835006154
0.3839347410233909,0.25993042153466184
2.0114138674785043,-0.36972827009527875
0.294376623479136,0.10535229393261716
-0.8910440322681344,1.4365665044436946
-0.4799405751371716,-0.19507531059079145
-1.4060630597454726,0.6924688680304606
-1.1935113049107735,0.9868437610653884
-2.183807888821531,-0.6338145071988724
0.017134919086886052,0.40549498230333025
-0.7397326308187534,-1.8278733660705473
0.4702145258450182,-0.08207881036803272
-0.5781179925743857,0.21500679245214224
-1.257573992796574,1.5419021598485982
0.43159567005981525,-1.444600064357424
2.9575032690022383,-0.9080594807252987
-0.5215500258167545,-0.823152975306062
-1.897365927772325,-0.49163048898999673
-0.6869604218539577,0.5128944069860547
1.7983028696279129,-0.8000753049565561
-2.3727173737500697,-1.649362141455282
2.1166180651964948,-1.47918971168568
-1.4303260850929378,1.3507126800719194
1.5976923460011536,0.7135007511820327
-2.096857726755375,-1.2110890194445623
1.2641969649880627,-0.5722465448837216
0.8576536325109251,-0.017152072206656446
1.1915463493692235,1.7496471970017782
-1.80518822852875,-1.1671044753860793
-1.7604418180460197,-0.6535394937265483
-1.3669073810637389,1.1555467148090666
-1.3386316473351814,-0.4707763484249583
-1.2545917216365179,-1.2983595911956782
-0.1191974684901945,-0.051477136661657236
1.463131106377054,-0.0393757425682664
3.1983310203290864,-1.1209081182842486
-1.6753491535727223,-0.34444146105351625
-2.231370083814346,-1.6615772430064177
2.13688662758491,-0.9371030559777077
-0.7280619202502518,0.4749023699325341
-1.6620279013399244,1.71841048062637
1.3842135273546639,-1.3088672648246753
-1.3357854684707997,1.2827180709517014
-0.4665751832288084,0.2641462424894006
-1.4508318017307262,1.263796055019482
-1.2226415930265775,0.25382942906286965
-0.05865294908269675,-0.38925393132869035
1.8613039895727759,0.7536965601215462
-1.4714600871956456,-0.8533462633864662
-0.7939454784735992,1.0205483435774811
1.3381016838032722,1.7999698747071222
-0.635438433207119,-4.892762829298187
-1.1671906905557174,1.4872632706650983
-1.1823838178880877,-0.2746269306715051
-1.8893834272943968,0.24248534172590733
1.0186392754084483,1.1583550421407012
2.7528715322612363,-0.7916096477290285
1.9661950748886452,-0.9481692471441526
-0.7112642597899316,-0.0995206777555766
0.7347601276911865,-1.3547654398527502
1.6828414532177691,0.18555987253909156
0.4432509038882646,0.4180733761991904
3.9023132421296105,0.9345795877400349
-1.6045020798023253,-0.7189714927307919
-0.21165293581990716,2.162123021513461
-0.7914180276578006,1.7040849053292144
-1.1782489308423156,-0.9696556189841367
-0.9227774524393965,-0.173037931592501
1.859157976847952,-1.2790758703116705
-0.6575781184681991,-0.9310179342753516
1.6234978020527941,-0.844460498690446
-1.3363229195741921,-0.5660095927119191
-1.074401633704158,-0.1708304763223331
1.3647546385461542,1.476156072704347
-0.6604888471122199,0.6238417483632599
-2.061717706100684,-0.4108699493787018
3.4858851125783126,-1.1477830871222239
-0.625450745819977,-1.0580904116976604
0.5264351508361905,0.4994502532750038
-1.0155969728786591,1.4213281862333456
1.3570813337798662,0.3090263966768929
-0.2340993441286002,-0.7967790636018934
-1.1879282037899732,0.977733736182899
0.6477061294862689,-0.7584554736741779
-0.9402855191156926,0.717961585422658
-0.3597988418442446,0.4422824678407573
0.32530239959909096,-1.349551069888328
2.175098801920819,0.3873215755104059
-1.3184669419697836,1.3942266115663378
-1.3003627965170186,-0.6465301074481605
1.9519919498130944,-0.8524254058190236
-1.125002463132393,0.257769303672843
-0.6846118613757318,-0.3219611510722412
0.47234751156111976,-0.5236928579428228
-1.440711163536822,0.7099637985884764
-1.5031610520800809,1.2096446023306742
0.3770714931642672,-1.1509651602885758
-1.7317324781859276,0.7207417362475943
-0.1493207074335662,-5.636120482281841
3.0046932925918832,0.257316511675611
0.4600090403409579,-1.046130643234554
-1.4359300376150583,0.42362645724915715
2.4053973134734012,1.8933129462370433
0.47100888533473195,-1.0155191660512095
-1.8082656358015627,-0.7068150477853139
3.1421880554274875,0.11808130735670958
1.0694084312228758,-1.546985177601618
2.176444466823367,1.643612700655024
0.8970877549641469,-0.29485967569398064
-1.2555028050606596,0.627367639799464
-1.3849919748343422,1.3718238247407806
4.418403713035795,0.8494528994393079
-0.3199630382493228,0.047904165389526965
0.16859711161765303,-1.0359846676831577
-1.2841815149205924,0.5599885986895881
1.0979117005798749,-0.6997780605706384
-0.627786159391431,-0.3473493112062075
-2.0396754577076615,-0.5713057322392925
-2.153576940056825,-1.8255365626308908
-1.0367489492857345,1.2017539019384593
-0.24813771128024795,-0.8673400933733298
-0.7587923067625718,0.10548092388957564
-1.1872499344910779,0.7763403574305211
-1.2296952724966028,-1.7267910466109182
-1.6183404623691022,-0.6332487087361255
2.591167323027799,-0.1267384323403083
-0.9538842982492312,-0.2297068658948245
1.2960020399258276,0.3831302960555154
-1.4117370115573278,0.34725857360985535
1.9787287943227343,-0.8716374424569797
-1.3006744491913358,1.2043195276235685
-0.47311325074821475,0.29499974053561095
-1.7994966436517468,-0.9772298883520919
-1.679892042561069,-0.7971568128228977
0.22162019167883834,-0.6734284151771727
1.1252260207926519,-0.504411262592666
1.1641431807892098,1.1498369837443514
1.679949581264726,1.712124740633041
0.27881798978006994,-0.28977523290252793
-1.4029375954857752,1.121251628953744
-0.3597988418442446,0.4422824678407573
0.09518390733798418,-0.9499029116721113
-0.16668211621234516,0.1633132720564363
-1.6053622769303018,-0.034473434641711764
-1.2611251538579336,0.5521565659716907
1.4159193687315268,-0.9472909902177115
-0.5440583605821051,-1.5608903061072787
1.9562778504214924,-0.01757549340727732
0.10537802785359227,-0.7072825991137817
0.07350187282244763,2.0171297316545127
-1.0044366955699688,0.1037595198614599
2.9365174645302385,1.0489918791309918
-2.113474504909243,-0.04968004712075896
-1.8483677887864327,-0.6143894690153432
1.8749797556066325,-1.1862885984180085
-1.2882055116991804,1.5349357288269372
-1.073192680460819,1.305290395593435
0.9826797514576646,1.3224591965070887
0.7877223705537566,-0.32943391282373236
-1.6438889955395573,-1.1768969526443758
0.07523284911040727,-1.1041014293466889
-0.9473364092512072,0.683074996371533
-0.9651145052899516,1.4688114600416542
-1.4684860771137604,1.348238515260932
2.3476120517284067,-0.2548240905176875
-0.4555229386189221,0.6419045578374382
2.3240113527887396,-1.227434688355257
0.5539535825191793,-0.43771917245877956
-0.18952298859095976,2.359358849134901
-1.652396549433128,0.8885942288605417
-2.579944715985442,-0.9228070264716279
2.54317860052103,2.1666433221837926
1.7329966191890416,0.7995439186642039
-1.1504984760069443,-0.8080485245908952
-1.7977032853026769,-1.2624156178827968
-1.6035387913664372,-0.21875724154823903
-0.27433015274052164,0.9687716855472592
-1.7270712312477245,-1.6464643908572065
0.18494426645458437,-0.8410603204928936
0.0491010488700097,-0.06692888775684647
-1.2226194265266614,0.5176423045574299
-1.4915937303188713,-0.7816955700315643
0.7236382461978087,-0.841443120296007
-0.366970947593691,-1.121532262000721
1.4577992164757736,-0.4835378816672231
-1.5942401337276164,0.8645303689497912
-1.4297253702928856,1.3178614631468715
-1.813704140432115,-2.482670367934726
-1.2603388718479405,1.4317340175782864
-1.4941188041616618,1.2854924430953507
-0.5040167773866452,2.2509677064691616
0.6492181289953719,-1.2196932846025312
-0.5568382121259402,0.408664910953346
-1.5339106747455837,1.2982275130790877
-0.2483989773015178,-1.3842668159836344
3.6265718014884274,0.5340759776243234
-1.254472195397548,0.4067215591827723
2.810293445515993,-0.02650913082885338
3.4413421304484815,-4.857354664114824
1.6352992484481854,1.6937064480581463
-0.26631300195271046,1.9513815266681427
1.5584083890194405,0.07752920544670518
-0.0892593818840586,-1.5256827108297806
-0.7732466485813344,0.6386757316059658
1.5829781370463936,-1.0151125303636697
-1.5332618709408514,-0.7633834390674155
1.7492506862397978,0.2511269773778817
-1.8487848400317242,-0.178883356858656
-0.6731885173027178,0.7970718217749223
0.4233207594007786,-1.1649753461497978
2.0386801784014854,1.1234709849700928
1.3121671656970006,0.12643964692378934
1.4528679665004118,0.6640015752898675
0.5047654429740925,0.2978705817654127
-1.722439042031842,0.24734556395216825
-0.09217583556550107,-0.9176557986191843
1.8806711002742642,0.2919525847487927
1.239336685694004,-1.4974541981132923
-0.9976311116043598,-2.0613380274402973
3.2402032064242454,-0.6093354653003923
-0.025934954547990247,-0.1751946728383266
-1.9303097823917779,0.34229385647962474
-1.1872499344910779,0.7763403574305211
-0.9611634433522974,-0.7316304306710475
-0.12128838512151849,-0.10602362986826219
1.854663738266628,-0.44572268856776753
-1.2656068382613497,0.6968431016645575
2.2552556060687325,-0.27813168422312085
0.0819638126113281,0.32587423512741187
-1.2644697550166701,1.2335542176848076
-1.315791659437734,-0.09334845185933766
-0.6867234501325125,0.4024313524332568
1.3433499819224282,-0.3579106803027806
-1.6598729572753887,-0.1913939737264672
-1.4810044955859192,-0.052920005643991186
0.0031397967196777343,1.100549565347139
-1.3943981279594202,1.6588305693140146
0.8271084881881026,-0.8761899016237817
-1.2344520443362834,0.19478660950253193
-1.803399811118651,-0.3615932984796951
-1.5994371530439584,1.465367562662848
-0.15574827414395234,-0.25630682881034983
-2.183807888821531,-0.6338145071988724
-1.238080954532762,1.0184747704465793
-1.6777172017330189,0.548821317063097
0.05997162216768609,0.06335404769281439
0.41034562089173143,-0.8841100367529205
-0.8820867671034359,-1.3560610079886197
0.3560585687689802,-1.0385417906206305
2.9267299726269287,0.9141521244974107
-0.496783599028106,0.5812982806524075
1.317312436876664,2.0390504294989293
0.2607742192316496,-1.073518462771275
0.29543955155459095,-0.35566378960382716
1.6664307099526405,1.899375667289963
-1.443671490706644,-0.3346613718757476
-1.6631220562786735,1.4369757800371141
-1.530145318205545,1.5829300096587229
-1.6054119864580219,1.1493724490233947
-1.7070278348518646,-1.2839969628227752
1.4348149409617736,-0.010166560745445474
-1.5085060323329782,-0.0922012050828766
-0.1222932635148534,0.14089993289477515
-0.8196646403193776,-2.0398544285106173
-1.458585172541158,-0.8006423430588109
-1.3099524143574526,0.44800272710845634
-0.9039681447361673,-0.55702064439377
-1.2901548284381155,0.5571885436202538
-0.9592663582656561,-1.012216715449305
-1.4422638725190713,1.212067489564451
0.020320824249556488,0.38598089067022123
1.5752656180912497,-1.2037978029498877
-0.71861557756379,1.3147839374527757
0.7015169975320188,-0.8624714181636068
1.7918542708103737,-1.6377139577765805
-0.8795590336525757,0.8534700765215993
4.073663355511784,2.502466177746515
3.2816470494737153,1.2035209738528194
-0.7788534040061702,-0.4439443421296634
-1.1375418835027755,0.4130867188633961
-1.357199400557021,1.215627621704253
-1.6213009624665962,1.26293754026941
3.1105702940560276,0.7754133612452316
3.6095058828331057,-1.9172517353498206
-1.9687684323180763,-2.204509385741683
4.191772453303436,1.6324767702570575
1.841732606050133,1.3304611608164403
-1.8016806767612596,1.8514626092297792
0.3169627069638023,-0.2806411246125956
4.701974689322213,0.02884940719112135
-0.5261489155580983,1.4700961533383705
-0.06683774523685146,-0.9453181878529987
0.6864812695362484,-0.717935663722175
-1.2518593571483732,0.2752315833259794
-0.7480879662955009,-0.961902241234727
0.19237942272560962,-0.4539683139308315
-0.27239839493746854,-1.5094979605772103
-1.1621526509221924,0.31486756961896567
-1.8474687534527094,1.6627828818165415
-1.4371430861991656,1.6679855012117237
-0.4793490916911134,-1.608158813222083
-0.6004646827628434,-0.7238580941072186
-1.3943981279594202,1.6588305693140146
-0.7289662316952495,1.294035881334024
-0.5690985888701384,0.17759091662166787
-0.8769863975996793,0.2815090308246213
3.103905738776372,0.07253998996897036
-1.4308258238596188,0.7664691404466513
-0.25946958734043946,-1.2636843409538407
0.20781602963307266,-1.174043475483664
0.21117667241331844,-0.1615976918233177
-1.1298169366035569,0.28527353716917314
-0.7153049771662867,0.02638488582545634
0.3223835665033254,0.25854158449072295
-1.9765987236533586,-0.7525530988690067
3.9209022076444118,0.07173800815666763
-0.30116661228892716,1.2660873110324264
-0.5165612686734036,-1.267504784896735
1.3859360300932102,1.2923907987304073
0.8195339266143069,-0.4343669351076521
1.3353706032997696,-1.1068575173886566
-0.6763758202489628,-0.8129801979502852
2.591167323027799,-0.1267384323403083
-1.1672246870752616,0.5946961452465508
1.478627125346818,0.35320191822778657
3.3887890113211787,-0.5635612794208275
-1.2545902319254707,0.26030263475884396
-0.7591523125427735,-1.9251676004630647
-0.0638214845195379,0.07021274404384217
0.6416612972638601,0.19298493218648718
-1.2148958004823294,0.9259396569162116
0.6424804166194917,0.8400131986491027
-1.739366072401165,0.24297787767780224
-1.5985369569940064,1.6854478699147524
0.3883904060943688,-1.1637708736819548
-1.6380886142428883,-0.21842722218829366
-0.3316002638344795,0.47540618136761337
-0.1602242981003694,0.0478163465968834
-0.6436861629299974,0.6248468028853211
-1.0843272680836185,0.39533840446788293
-1.110206299912472,0.3431779281639393
-0.3995980702216094,0.6422407962036559
-0.8238450912340369,0.48173673833167896
1.3447498886924767,-0.4268751020293382
1.3805805817857044,-0.09832128611533314
0.3839347410233909,0.25993042153466184
-0.013738676513128156,0.19398806082891237
-1.6144399261326021,0.3596024732487898
-0.23667454385541656,-0.40151850921542853
1.797652235954685,-1.2868651047818354
-0.7150196682436701,0.5249818612851652
2.7817074561293804,-0.6890407296138242
0.18515756206050313,-0.5247305620677192
1.4370067193228215,-1.182142510005744
-0.008600670102779429,-0.6599633547923618
-0.7980697993041953,0.6019476374988673
1.4352904369278079,-0.3110924431977834
0.5490363847907342,-1.7286005038915697
1.0870972886819241,-1.4124451643600675
-1.759433576719558,-1.6860584682957458
-0.848840922483862,-0.5699573712379423
-0.5300287042269923,2.3969588274224725
0.688576825995971,0.8871596576010711
-0.7480879662955009,-0.961902241234727
1.2471545718225752,-0.6751361786096122
0.2904720727158851,0.26422134001378517
1.5148426839106386,1.6750478488779523
-0.44844070873116515,2.446892819289396
0.11388382431145753,-0.9030479873605377
-0.38036530761078446,1.0776266473265914
0.16312255704168285,0.5456867025893374
-0.5340404878525805,-0.7909808463591103
3.2185908411794504,-0.5483648298549201
-0.47867812007652033,-1.6541390520488073
2.513915322946561,0.5696127225015929
-1.5733322853867784,-0.984492927695431
-1.4817093316685543,1.7734027808230826
1.14011678504788,-0.3837364470468423
3.7181298804447502,-1.429324213235301
-1.795168383449215,-0.6194049273508172
2.4516606802583807,1.6819849273627356
-0.06867439601598538,2.275509377927604
3.289650516562253,-0.6598625794464018
-1.316863132513496,1.5377576891848765
-1.3235750627336238,1.406437601530439
1.7787913208196184,-0.5694012830280459
0.2640082625648292,1.1704552865468996
2.0052824424219438,-0.019210610051689503
-1.0419086951427634,-1.2106037422572649
-0.4743085531267539,0.4187684248960929
0.7050298372972154,-0.329926652387345
-0.2957277004652207,0.051759107154334336
-0.8722160130098028,-1.213859993786427
-1.3732594400693072,1.1652074877753795
-0.5223738638850044,-1.3151694908423042
-0.8966298724782066,-0.10440915427368122
2.0867678157431864,0.2433826574744791
-0.41167093894947826,-1.334021093105048
-1.452132129954593,1.1462523945054264
-1.4054692887856908,0.8257996194496343
-0.8271336470852428,0.05180787106857933
-0.7483806679454095,1.1352453366470017
3.558989063348087,1.2977835900885648
-0.22136744369014585,0.4072621930714989
-1.51891886677494,1.7805997275304644
2.2041376293914285,-0.23172334906776296
-0.8880525211726035,0.8099059026455785
-1.4313945217568227,-0.1775564374158842
-1.957654586239296,-0.005780956737263587
-1.5976620802046901,-0.855197531497001
-0.9198033760648879,1.8625142116978226
-0.18067198300155599,-0.0023751781040832337
-0.48350566137680484,0.45767433729510254
1.6430271262827219,-1.2377698750689965
-1.27010465071812,-1.7204034860538904
-0.08149920035483235,0.5395848284662843
2.727344102158271,1.234349583023241
-0.7710564191882273,1.048345021332345
4.247236613818624,-0.8107931304858754
-1.2312532820542648,0.8186072633058323
1.9895484694073076,0.9757752761061858
0.2976593327954125,-0.14508481934782771
0.21135182394834512,-0.13556548063348947
-0.5549215462981638,-0.4493628016241161
-0.46998646411658596,-1.4314883935651295
0.5275137205880771,-0.7688707994255526
-1.7749184090591135,-1.6294284545446753
-0.9868902026294174,0.7561756644494069
-1.7158783335153787,-0.335281864150203
-0.6775884825946078,0.3799163819670701
-1.6769919706837102,-0.4853929037823759
-1.014296111850066,0.7606409591150443
-0.34147511174762823,-0.09901770802658244
-1.1870690642014674,0.9991651262530801
2.2912776323375996,0.7075641966934566
-1.2749305829641928,-0.6281013425499659
-2.1938764139421534,-0.0868702867482784
-1.443219993809965,-0.7255271293693323
-1.082371774567972,-1.5400347412119233
-0.8056908195342366,-0.012763268955511345
-0.5369530422556177,-1.2595267050879515
-1.4700591223086454,-0.6536020992030572
-0.31811094674758533,-0.4656504056563078
-1.1564868965705206,1.1204021002427949
-1.9096358914507592,-0.15226239811411996
4.211181696476502,-0.49368518720111165
-0.011553648312254805,-0.7589706080240833
0.33494639388928427,-0.9836002976006907
-0.52361274802731,0.15790929968883005
-1.1258617978385634,1.1956699154983255
3.9317351842984447,0.6917892962975081
1.7576111929903593,0.010990601760809515
-1.2498242050927861,0.7470126490152788
0.43590495879552504,0.7147043862638958
-1.5377310055426658,0.7578669937587229
-1.359999310539891,0.2629759961929261
-1.6154701174756703,-0.4493446888247161
-1.3849347522769782,0.8886736076215698
-1.2903752484883901,1.0567606143536934
-1.2042155302046729,-0.37982932645074463
0.21794373417269025,-0.8611975244078026
1.569312966935185,-0.7180167672344433
-0.5316433178942613,-2.225921023490952
-1.3469581217586357,-0.7521281120847205
-1.374417775398096,1.5086004751092796
-1.009035669597398,0.36778835724488956
-2.433882917625422,-1.7523982446925785
-1.288703813343212,0.6256094017441051
2.3055809802477443,0.036276885599983585
-0.32269909942819885,0.8472941561117706
0.21449110069384925,-1.1568378301006965
-1.5242840686600938,0.5997761658546851
-2.579944715985442,-0.9228070264716279
0.7098251358839929,0.5754478011489257
-1.2412141573020554,-0.15357663004486755
-2.2911555872976295,-1.1944328431167661
0.8661224539309413,-1.15810636490494
-1.4124599510936375,0.09158162718839008
-0.9199815299251267,-0.4904156442104016
-0.3624245310139912,-0.6659532576065891
-0.40722132394762645,0.9610293838932106
2.595275440063676,-0.8897225222091337
-1.187208594381785,0.7902079569019509
1.9930913358523052,-0.586842601183626
-1.6548324849464648,0.8724209575966725
0.9665684484766026,-0.015170022275293946
1.3618444478126046,-1.0361140695330269
-1.7480526122578515,0.21139529238835778
-1.194463846537623,0.785499047622391
1.0235244810902868,-0.2664469817126217
1.2075609664677265,-0.41447639205045883
0.21135182394834512,-0.13556548063348947
0.27906006887782425,0.2737171257874066
2.095878882018274,0.4424144191413133
-2.0788517287169888,-1.5151951871125482
2.045372845234183,-1.07483183559274
-0.3446620434262837,-0.6094616794204091
0.9385779928655116,-1.6464578102486827
1.3172990890893388,-0.08262203644887883
0.41034562089173143,-0.8841100367529205
1.8666232463078354,-1.285925810529939
0.7072399810963382,-0.9723962294058971
0.13170184513631317,-0.24169963422453208
3.985747301997775,-1.2172405710699645
-1.3422034652344637,-0.3657706487358392
3.885541981388204,0.22667789662910276
-0.5631870174920323,0.004186894818385564
0.69278750672328,0.19207497819564404
0.10101819962898059,-1.0277777487409472
3.4979653351527658,-0.5734379391112684
-1.3880807968383875,1.3710875570363485
0.5627887719635787,0.07946634877597775
-0.6937841915633012,-1.3977249581634992
-0.4548875814595509,-1.0417761127197231
1.9755349581183659,0.028159105276120477
-0.4012374467772518,-1.295613927456641
-0.3199630382493228,0.047904165389526965
0.7832449965326416,-1.9371708100992797
-1.2900500363154848,-1.1292547881009323
-0.15178459647688233,-0.5561081622056815
-1.5994371530439584,1.465367562662848
0.27052624758274363,0.261451283265294
-0.6115818735549431,1.6687290574638425
-0.72663671404109,0.038338013451576
-0.6316562597535348,0.2131931665807883
-1.015003523299843,0.41125715566635024
-1.5476206434263766,1.603960146657548
-1.284993232981341,0.13284028601021275
-1.2102139171752986,-0.44527954277368065
0.34184338558181676,-0.555523057357985
-0.6836548922379905,-1.1744815363424488
0.4418259497239715,-0.18431597949051695
0.23485692968643807,0.46320288882328375
0.0819638126113281,0.32587423512741187
-1.9824601895454554,0.07211601691878927
1.586949858706492,-0.74793149110394
0.7959891504395703,1.1095612805610633
-0.5220119181059247,1.4086111156938594
0.7717925048814896,1.2251379690699362
0.4193656312150579,-0.6990432547070714
2.2998051138049167,0.11331676537081148
0.06435783760633043,1.6263450663422114
-0.7812408223033572,-0.9332838899400505
1.330363059266893,0.2215366952778962
0.06575735390185254,0.2867469205868505
2.6745956800593405,0.2913917131490831
2.8259326588513685,1.9243324683057106
1.293256640010629,0.33937694291663834
0.2615943202474977,-0.5812200741830024
1.0406465723011613,0.510697384666529
-0.7201324534990926,-0.7498431714755087
-0.7288602489026329,-0.23750084548883957
-1.2741452191278642,-1.962314477822825
-1.0648830258559718,-1.2401885652674711
-0.5743224683007903,2.6842273277162914
-1.7660370097067843,-1.7442482070394807
0.477970068359586,0.03838810902707673
2.100683741296224,-0.28342796466289044
0.3833841480421258,-0.061214723829530165
-0.5118012495842805,-0.14222147808992897
1.4890633475398347,0.436221538316902
3.962275968630256,1.8281925296843533
-0.8809801117773602,0.003443751867079542
2.0386801784014854,1.1234709849700928
-1.1361826383082474,0.21811662287367825
-0.29110277311218735,-1.2953287063907801
1.099114613723782,-1.6634909073537119
-0.5568382121259402,0.408664910953346
-1.5025945961522111,1.485526528076745
0.118887799154809,-0.4213225955622353
-1.1662329912617657,0.6018936307646338
0.7401397660538495,-0.673545770209955
-0.7559689036686076,0.9221077290001444
1.8521187540788708,0.661578043509852
2.4322544825757513,-0.3789941111860272
-1.407119941792423,0.8938141401791064
0.4296410172892804,-0.11784114039797255
-1.4813495367831067,-1.2730399741244394
0.5708839924122365,-0.6312532411142904
1.0131299040068071,-0.6330063118133402
-1.618874110128891,1.403114313493786
2.2529056959277223,-0.06258356073736998
-1.1439693459702416,1.0508336712439694
-0.9227774524393965,-0.173037931592501
2.539089984905863,-0.7017930274036567
1.3498192137362341,0.8023224400281035
-1.5011657570671648,-1.449554365581714
1.960997892386308,1.8757024264637077
-1.6182750763268154,-1.8350326537242787
-0.8369281669469769,-1.7717447685217709
-0.6227366119526496,-0.0905479848374407
-1.7448507579986567,-2.5495900787182
2.5413909107653923,-0.4027832081543147
3.901067639841114,-0.8421395881163409
0.7256860816620698,-0.008092106036787339
-0.04114223477420459,-1.4774376918041292
-1.6813857332667277,1.7823785432409147
0.6627766662443783,-0.25396753151599016
0.5712570847998412,-1.4030156771061693
-1.6100045203933235,-1.3299001303734088
-1.8976385006249914,-2.420751636732602
-1.0855440117709765,0.7586780430714798
2.05121460305007,-0.02043397631424189
2.8182380830989286,-0.9730102670223796
-1.5771532324166486,0.7653173717352437
1.0776674830627726,2.231702272079109
-0.6030040860461815,0.360707665050231
2.0420077746576517,-0.589831902646
1.9981223319246502,0.3754889974762673
-0.3583924839252185,-0.8590786328455031
0.27052624758274363,0.261451283265294
4.025740424281807,0.5178050034085063
1.733416968101796,0.970769604206243
1.0807367069701528,1.0553044196093688
0.5201746719905803,-0.018389929302200098
0.4451621913173427,-0.5588670836349502
-1.0688131797709228,0.8133536677365112
-0.9641667918063784,-0.6260991525560728
-1.2124954780875878,1.0132695457239718
-0.32099959444881687,-1.009792591485979
1.7166259068275658,1.599745534090498
-0.6430402285608309,0.9591523247478793
1.326024688166371,-0.9297110768841582
-0.5961795451902865,-1.0304705487487065
2.1530296319372466,0.7907987554712014
1.4406132627014427,1.6420849675836506
-0.7585814205662845,-0.2779024888093212
-0.1287487944501943,-1.1111265098585728
0.21912424658066726,0.43555083352473645
2.0579247539979204,-1.1101844589301841
-0.9635848674046804,-0.7966881902935334
-1.7606809853860819,-0.14930750713377666
-1.5667987264886665,-0.4528744248842047
-1.5354959473958845,-1.6066549589691326
-0.9637419009074849,-0.20069762014034723
1.5758419083441606,-0.5207405555048679
-1.3179496519080995,-1.553766405311053
1.0297090428499247,-0.21282902098911535
1.4881627297310507,0.6736397933836787
-1.783930342020755,0.12011830684496966
-1.4753925054312234,0.37319850615780914
-1.2956321432986626,0.41231704593408747
-1.2591091261954903,0.3997097080435288
-1.563239343710703,1.5305842954917164
-2.0489066339806006,-0.8544721650095919
0.3540876144908722,0.0533280547596683
0.12518090186007735,0.779500696262055
-0.7618429402104441,0.5744544189251682
1.8720277917410089,-1.3948543168324243
3.130011142250028,-0.27263656311854223
-0.009532195896001572,-0.2957048182298565
-1.257484467747269,0.0926380025105637
-0.7374329708967279,-0.557981603583417
0.7458363421354908,0.26833492644259105
0.3634277983714565,-1.3703316902886564
0.3823323303385819,-0.4862881451714802
1.8777233451345625,0.5366274683407072
-1.460960988297102,0.2298001559055792
-0.10774366770002641,-0.10048060435370398
-1.4111626935745554,-1.438993067393121
-1.5073773498293825,-1.699904644611232
1.859495037353659,-1.6198655446700228
3.207027090065763,0.06774323711656838
-1.0937041569633246,-0.05441729363653586
-0.712444714089001,0.0699601642594648
-0.317846254651018,-0.9656754510319375
0.2917751719673434,-0.37898819260552374
0.9823103527385801,-0.13811632596499668
-0.601773845874987,1.7326361159741925
-1.4508176086895266,0.5090281969975606
1.026583623003511,0.7757399530142962
0.086300866722017,-1.1279338154435985
2.074432930706474,1.3111587673250094
-0.0999059465928219,-0.13457973717307867
-1.905165568638353,0.17648976576601122
-0.0170837478568813,-0.22943341704344702
0.1469618175258112,-0.01123004994852779
-1.4012793408487805,0.893643249323685
3.3137644013686702,1.247581656075946
-1.4370632301574335,0.49416233579017443
1.2501831408983861,0.05133007498823709
-0.48350566137680484,0.45767433729510254
4.247236613818624,-0.8107931304858754
1.2848222932435642,-1.153323118821513
1.6913997946937092,-2.4894713961351607
-2.227682113327943,-1.433959625321739
1.254200772865706,-1.2441588664114758
-1.6632394940154636,1.4273448906334134
-1.3530183640036302,-0.06867847988254511
0.3692519354328283,2.2643899530203098
-0.8105137295088898,-0.7874105427727685
-1.4334206079989582,1.0466248016933026
-1.7305352720817724,-0.5280933844447355
0.6378150735343044,-1.2597945519401796
-0.5491459766537843,0.19443711802258926
2.0480093639868593,0.9705512736218453
-1.006150700835453,0.8448991859748531
0.5297845912265849,0.572149070667912
-1.6085030852899644,-1.7559291916714175
-0.8551680725214285,0.43697881914310444
-1.257573992796574,1.5419021598485982
-1.5373300641895131,1.1752056644915558
1.6414279465117916,-0.4497287867844483
4.268940944330092,0.5649143235776378
1.2838831077268098,2.000993326566205
0.04542162810699134,-1.0646426973556793
-0.6629284884104256,-0.44874223941898317
-2.220634665600504,0.6231401879890736
-0.5858816848780122,0.3450364995588533
0.042758151574717226,-1.2984269698520627
3.6267614569115043,-0.4993785734538426
-1.2196454018072405,-0.4343333590208386
0.6292191786789156,0.5986967947098458
0.39992325204816526,0.5206177423295352
-1.1203573673030156,0.4018890416245531
-0.7773981783745094,0.5193836778602156
-1.675505348226503,-0.6244015013601021
2.1087223679570433,1.7513017289981143
-1.4075649106186168,0.26520978361171843
-1.311293331374675,-0.49799147587815873
-1.09315159471829,2.3703105443131514
-0.9349552755203533,1.5390114617630986
-0.5845698765840274,0.414301200444687
-0.37607357627787796,0.17392140236931675
-0.6240455994461531,-0.18263010431222457
-2.2054891078382317,1.0269339112087563
-0.4239499437607436,0.5781265889246522
-1.2976675963733162,0.9174359420944967
3.0790004944159466,1.5298905007025645
0.9976748673969431,-0.8196294345144374
-1.4817499200804247,0.790450063427908
-1.5369416479639384,0.4158762467907974
0.23152769971772708,0.44942702146688973
4.053378408408082,-0.6392430916979057
-1.0591302393895674,-0.3552296725421895
-1.0487995010577524,1.1063748896078678
1.9113407768556583,-0.7883002899967606
-1.50768723438359,0.9744732725650582
-0.7425718491095955,0.5911466223476907
-1.1643809790913189,0.5731392171119418
-1.775358034308524,0.052110271435718836
-1.4898146797322513,0.3326004265456203
2.6745956800593405,0.2913917131490831
2.489776097440986,0.19560317183296955
-1.77540835647891,-2.195016796723383
-1.5220428474203984,-1.1810336559576486
-0.8651451834432698,-1.099534484101947
1.441781774616682,0.9944049105351186
-0.6157173190779642,0.5860872684445404
-1.0790090733301678,-0.8563519484561283
1.3047744904335896,1.2911481441805486
-1.4998936289005658,1.8410545194361942
1.5214148691118077,-1.208081484425578
0.3010066410322753,0.06689378155205489
0.24981383988317157,-1.1635588686082896
1.3513647345242839,-1.2316746472488727
-0.8078011499989607,0.4566101728529709
-1.500589025928986,1.5209024834083305
1.4967291958679971,-0.5708165801193097
-0.6176447710064403,0.01867345459632251
1.0719845497374412,0.23749432053625913
0.39672569837016924,0.8140378343131526
-1.6136260133251505,-1.1659227249067328
1.9330888513227302,0.7373317800309575
2.69612363558671,-0.32464988064348954
-0.966952894957044,0.1928458036083188
-0.9117633039952971,0.37849775461915114
-0.1233836962988514,1.893276426201548
1.9008429769944355,0.0001064004651356032
1.4558178440856442,1.9391833933190439
0.35831917365237403,-0.5642619499643294
-1.0404191288982427,0.3459900085251083
3.1842346184519053,1.9383342570745188
1.1927818292857073,-0.6802404183309909
1.386593002272074,-0.34909602920337923
3.558989063348087,1.2977835900885648
-0.6019896515984042,-1.0444831698563128
2.698019717275441,-0.7343614439013605
-0.2230011126560714,-1.26984795732042
1.375846922742878,2.0492922897602686
-1.0072634225224644,0.09966546932350273
-1.5995341590027663,-1.9048330289029916
1.9719143170884381,0.8625937498017849
-0.2549733068841631,1.5754391213946477
2.1017395676654735,1.0236934306390524
2.8885309622354693,1.2740671139686093
1.317312436876664,2.0390504294989293
0.8037801467533514,0.1933157233809931
1.5337771704424221,0.5949863276609764
-0.9858261705638708,1.491204482930716
1.0746392519982852,-1.4250681861525745
-1.5053852113400896,1.700904693126856
1.326024688166371,-0.9297110768841582
-1.217997744477087,0.3129867055167549
1.2454872717773855,0.4694579721255058
1.8298510513396273,-0.15330683530790024
-0.04237220649034104,0.027391212222873773
0.07015255153865006,0.2623336656109059
0.028357218126155256,-2.009678393971946
-0.024475673692806593,-0.638884293528254
2.202925686750689,1.346872043499863
4.937555803348201,-0.833580627674164
-0.8782561035514299,2.225234702339313
2.2097249367145735,2.0523278279121353
-0.16236670927839417,0.8034185275686213
-0.8756791560320848,-0.002000144330378928
-1.1142742355315733,0.6804728980396282
0.39870105244025056,0.17142414630869657
-1.3784090819653545,0.946450219091516
-0.8107344511047779,0.0752941151727821
-1.459719611566774,-0.18271373030773866
-1.5112598644552315,-0.3118178085587465
-1.5591343010947527,0.018814950669266917
-2.155717334309236,0.3129881049933687
-0.21236117527774204,-0.43443070748923374
-0.027858878862243308,-1.3336889456619947
-1.2340114921252696,-0.3340104887497083
-0.3741978111235217,-0.9441169209987025
0.5906212898924058,-0.4469799309646566
-0.23069019532952997,-0.5832496281935197
-1.0210539625167967,0.08367272348545099
-0.9951463557984374,0.5209721868591436
-1.3310232717246118,0.25288257011983317
-0.02809387481336531,-0.844509694541114
3.6622288218763934,0.5664404664414843
-1.1740482089786388,0.44855155763399557
-1.225847248219989,0.5165231451326511
-0.45352305933947834,0.7999875725178308
1.6152962043369434,1.561026622685307
-2.1738485798209983,-1.0367382565747298
-1.6388873609759593,1.72054934614004
-0.16315326824663315,-0.8588875616264993
2.011387564046298,0.3253806726457319
1.516621448958174,-0.30331403177832483
3.071412540357852,-0.4811218468943198
-1.5011657570671648,-1.449554365581714
-1.5702917395775715,-1.6287702228335779
0.9207087374534266,-1.1051595450205978
-1.4598853323198173,-1.1438130442951528
-0.999558253989932,0.8018521250674141
-1.2452803060512458,0.8965441545173651
0.4432509038882646,0.4180733761991904
3.216285577108498,-0.9531305919685341
-0.22696071612249466,0.17137253472834552
2.3308147760256217,0.7876574750162891
4.627908585195318,0.5030142193504515
1.7250583577036112,0.7286653002842237
-1.6449582526733113,-1.3220071380762632
4.864127768633954,-0.49874396294949264
-1.41445135491621,0.46904582602763734
0.014525182520823854,1.021008018529857
0.04914649689112692,1.2437278504674394
-0.9732325566428325,-1.7683029955436447
-0.5743224683007903,2.6842273277162914
2.3921051767852557,1.013645368399073
-1.80518822852875,-1.1671044753860793
0.6422007939228073,0.295579137817239
-0.5513013311427666,-0.9331735359134513
1.4841601289953539,-1.0323073589878446
3.739639447739229,1.5600239326662018
0.470480863984847,0.45815610006915497
-1.5280226421763003,1.5831085782883894
-0.7767719510873947,-0.9895130272405933
0.0017247928066457807,-0.8719972912558344
0.36052142259121084,-1.4027664684998677
2.8182380830989286,-0.9730102670223796
-1.4313945217568227,-0.1775564374158842
-1.6910043301473159,-0.8234496673853889
3.532066837892004,0.6075816949830478
-0.8511944458875425,0.5066319863730275
-1.0871846237263283,0.8361600028908772
-1.118638414379491,0.07744448942767954
-1.6964945965254667,-0.2648636837094961
0.5897931908304737,-0.8119978282687748
2.2616193823259554,0.12386710740782775
0.19581126220228698,0.5680922154088209
-1.250408051584208,0.4653259854806713
-0.6339990881760461,1.4369016233070486
-1.1572337871671738,0.4348237284764047
-1.3126485670063055,0.5748831796949876
-0.3888610448030637,-2.4830868181432555
-1.146179451986238,-0.060408674705717674
-1.5710330295901416,0.9786211824302751
-0.07546970196837346,-0.2749957083388427
-0.696077176487632,0.9884395650957678
-1.6502050367583754,1.662749472909237
-1.1606521025994052,-0.617664249505208
0.6841417853046996,-0.6613601933850766
2.390010636266832,0.5156038560061718
2.63838757211558,0.18316146528171978
1.3229716182242741,0.34292036303569806
-1.287310631109388,0.7678467656515664
2.3873833280182115,0.6191330522963605
-0.32900682791375835,1.6326218588423007
-1.608683922188049,-1.2050669013137443
-1.4812810756944426,-0.27220952350079486
-0.5044464420930591,0.3878348788937105
-0.20233627595268436,-1.203918731618485
0.681650392965792,-0.7871595593540985
-1.5554367540910663,-1.512557323186755
2.0666046176261874,-0.11631273421366667
-1.2916816172997279,1.3883649987752047
-1.0905410210612458,-0.12685192069422807
-1.096208075453984,-0.0653165579836415
0.803724755346142,-1.0326080732698533
-0.8207751123232975,1.1954697605234061
0.28179424101656353,-0.1080963230857005
2.2616193823259554,0.12386710740782775
-1.284425446424998,-0.4112622108523002
2.7769134603801535,-1.242643446029091
-1.9204442660439618,-0.20837596218815788
-1.4261261715414162,1.2465595252953974
1.1414962053830755,1.5080390463329336
-0.8234024457273299,0.4135435570159529
0.34093542317534875,-0.7387322420796496
1.671933892595099,-0.9388920762195488
1.0303580173631512,1.6795485966922865
0.6589028506474383,-2.10080682448391
0.6236814627719774,-1.466606537217789
0.23825963163476538,1.9709787116399238
-1.1435626306534128,0.03098831498281833
-0.0576638490392094,-0.5683225942779732
-2.070209681555929,-0.7779170105900092
3.2243759828471674,2.0647813390120304
1.1977143702059339,-0.5962760799771145
-0.5709807340116712,-0.030829430507504696
1.0482604102066315,1.0325839779270187
-1.217997744477087,0.3129867055167549
0.977943208320101,-0.564284269682009
0.14144536288862583,-1.1915913761720596
-0.9558740505870523,-1.0674956002086018
0.3403896390062667,-0.17854095110363696
3.3757996414992366,-0.4125258606443417
3.0237745711012485,1.2518473315917669
-1.9821164029309593,0.2152590710623167
-0.5007934322968173,-0.10327305699412684
-1.1248075856180102,0.7435718993351821
1.187973124432881,0.09420675074348245
-0.8378479429323775,0.24581871035298672
1.9316912388628062,-0.7413137111590236
-1.167637760050844,1.0408807539539529
3.0287749631279346,0.384088412259864
0.08532644475238896,0.4489880747858819
-1.9949904323513872,-0.18668370612058285
3.574870043298171,-0.0855103938379006
-1.0993299864855273,1.0797793246134293
1.5640511021360077,-0.4909544478809609
3.090064944784127,0.501619085145225
-1.0178002382401834,0.46721930474057793
1.14011678504788,-0.3837364470468423
-1.6598729572753887,-0.1913939737264672
-1.1924652272209044,-0.9010337046847063
-0.30689760851696835,0.5766164335724275
0.6334138051949789,-1.1756062942761174
1.1393236708847776,1.4964749235468533
-1.4336466606511113,1.171059019142003
0.08094564881493968,0.5731483519389853
4.153303654189354,0.9234510419167359
-0.5251247221711148,0.6514870758219076
-0.8191526664039518,1.3127904092349407
-0.5822811269204852,0.01522872928441353
-1.268752465535929,0.41338483582506813
2.3685253751866737,-0.2812561983066201
-0.7060113833166054,-1.2541883533528593
-0.7710564191882273,1.048345021332345
0.5296873011318909,0.2757115604467748
-0.8182312418083549,-1.01178738161539
1.6598677178530927,-0.8303149188717132
2.115622508196327,1.357810610109724
-1.3976961163839436,-0.2734086240746785
3.4979653351527658,-0.5734379391112684
-1.6397594453924673,1.4350654821331
2.2646687883387284,0.019786929543639885
-0.6669532939663382,1.2988822113579197
0.5221249213609398,1.8710444346985982
-0.5635204470223071,0.6801772601197601
-0.4046821358084065,0.6263588668263228
0.2694056614657609,-0.3436487280456755
-1.2216306716097034,0.90159606367013
-1.1403683592000546,-0.27799590544910613
-0.8591033556306323,0.7372626369366938
-0.5445923379246553,-1.091361555798037
-1.2702467951391074,-0.9584893527645074
0.9578884111191861,-1.261975115948828
-2.110564054056874,-0.44342380787081426
-0.8781022114033162,2.1393565640441956
1.4242834335037562,-0.8483950663526652
1.1081029247583285,-1.4558663191844328
-1.940575349583785,-0.4229006053809441
-1.0545925145082524,0.7232429959069047
2.2814944109935325,0.09006445197207802
4.009332639765825,1.7483054715233073
-0.6238300520347525,0.33670848878087034
-1.67309290582426,-0.47220340969547503
1.9404159755117794,-0.35178970374696406
-1.0136760177874533,2.4867203551240427
-0.546411580523014,-0.6096027100411726
-0.02548478770508944,-1.289300737857419
-1.225516024988546,1.5789976053324435
-1.4949108771208575,0.94717305760022
-1.1000995208305633,-0.34465896401258267
1.393928535374535,-1.3452724431506227
-1.4612540664323144,0.6474814962440901
-0.3983669339700091,1.058998483299223
-0.6415532570012975,-1.5805746715657758
-0.24116700532261806,-1.2097847621604927
-0.857541548013309,1.5983946032341725
1.247863432525637,-1.428867884369533
0.9215036448691811,-0.6824431221118894
-1.8176126405560131,1.154391619523432
2.9067807046747585,0.6131954912787941
-0.5231763293621358,-0.7208291640085505
-1.9394164799037577,-0.688782865665792
-1.112470495761989,-0.023060849504839942
0.9756450205623355,0.8345194419658055
1.8668225149005007,-0.37367498492299867
0.36756778611337243,-1.4805736005887866
-0.6953106145188823,-0.2634107352372097
-0.6415532570012975,-1.5805746715657758
0.4095554627398835,-0.3151133607822285
1.3141237240482713,2.0516928606561873
-0.9190890927533196,0.4406356343698311
-0.0721072983365035,0.033763074035058835
-0.8410413082583809,-0.07046961380119596
-2.259462961235175,-0.9847775923519603
1.539305960989126,-1.2630587615253057
1.6008007851562593,0.21885612043824582
-0.40990598634182196,3.076156789025754
-0.7289662316952495,1.294035881334024
1.8958859933280663,1.7603518165194632
-0.034836870733955194,-1.488867246849784
-1.4310715981495357,0.9856290139390715
-0.6745354798874841,-0.6507467917587832
-1.6902519864546537,-1.5989944624818135
-0.4350015122466404,0.7859569210767574
-1.9087667103294836,0.5641960221439476
3.624400027358706,1.7197715436387078
-0.3212409152165492,-1.4123053348377752
-0.7305290677354854,-0.8277991508213539
1.0614677441949385,-0.620226718867649
-2.0307570259666963,-0.9758058366940995
-1.35996166784754,0.3826293555685255
-1.5422931302028065,1.4487155898786745
-1.5138778585392063,-0.7659782357195923
1.0601167390215436,-1.3274449339748382
-1.079719540016248,-0.3387677851468516
-1.5528497719745564,-0.12450037069688141
2.2257779679395164,0.2569025417014641
2.0850048761075746,-0.06356049682503676
-0.5669180150147778,-0.7430895425441002
-0.37091128095155035,-1.3712624117887342
-1.4795377403994299,-0.4742173170473578
0.27881798978006994,-0.28977523290252793
-0.7585814205662845,-0.2779024888093212
1.239855229946432,-0.19041009404808737
1.3940931535816532,0.4764607421129221
0.39041334654871496,-0.7679899487452819
-1.2716777356855251,-0.007084245057004723
0.06963435547005474,-0.8811360052221509
-0.6072983530922936,-0.834621220965596
-1.0367489492857345,1.2017539019384593
1.355299967176563,-0.5100526849443106
0.474970603952922,-0.9010502466984013
2.841316519549153,-0.04260177104351488
-0.8647467263166225,2.476962547079975
-0.9490556975571421,-1.1882338935776173
-1.022992773052201,-0.16672809006710515
-0.023240406344682885,-0.7103282158136707
0.045621297548576675,-1.2299282363200978
1.2682360020619057,-0.033053733428812
2.9805490845196974,0.3120851488812546
-1.0803198384946904,-0.4019090410389434
-1.5419597655671327,-0.015072463042727746
-0.11467259644660935,-0.45056099518394943
-1.6306988648184866,-0.8116929247267112
1.6664307099526405,1.899375667289963
-1.0601076889554133,-0.28402840073653135
-1.7475164196316713,1.6494104228486988
-1.3879517289202692,0.5278119080330331
1.8956295612684024,-0.46329449024888036
-1.0793551440296776,0.5594243903554654
-1.653594579151789,-1.1612533172072774
0.858932305547516,-1.0937363916977052
1.6036643851421315,-0.4496612273231536
-0.9147622250617159,1.6290364021141561
-0.45054368034776593,0.3512906590619882
-1.5558593367280016,-1.435847838843091
-1.4211551593189482,-0.33382849261971936
-1.216985513820255,1.3530342883681121
-1.0557795942368777,0.7369420133098944
-1.3844676116759662,1.2318040867432436
-1.1666965233936215,0.632568261555977
0.16903917721484182,-0.07770353439717592
-0.5785926694324564,-1.0130353132542746
3.9637618200932647,0.7081493297779413
-1.4371430861991656,1.6679855012117237
-1.3328445700149167,-1.7127431430363573
-1.4694505944955383,1.342062340637062
-1.8021108526514718,-1.2936828074070839
1.1734531314384,-0.735050051030519
1.0476069961566314,-1.1979368594738902
-1.0753825116495563,0.8474491382033481
-1.800003187969516,2.099450642681407
-1.6510893716873745,-0.5047706523320581
-1.5209350885193922,0.5876586352853096
0.9148930023674197,0.3143275751058437
3.012050660699721,0.23747650467563264
0.5515801187578205,-1.911327296757029
1.767530851734138,-0.4473774886259233
0.419705391758311,-0.11062869983221096
0.4193656312150579,-0.6990432547070714
-0.9801841488570272,-0.5431186632790473
0.02975653250507153,-1.2058177580243503
0.1759369114245334,0.1334311079041536
-1.1251633905574245,0.20961429628488717
3.8432036759190735,0.39315043460519017
-1.1435626306534128,0.03098831498281833
2.9548214501768375,1.205058769899019
3.228475242781939,1.4164047707030134
-1.755834652898433,-0.9987878379563749
-1.3401464517538304,-1.7358791572610115
4.153303654189354,0.9234510419167359
-0.6048916453993556,-1.06975879368086
-1.4444981560857408,0.3700227041450632
-0.6703895187587529,-1.503369311352388
2.0311612249621045,-0.6475653808656363
1.7445138394849653,-1.2219056862975146
0.2391495196038172,-0.6499803634160587
-0.30043201792917584,0.4348504767271789
-0.7252829603629959,-0.8726640355881448
-1.3478001656648795,0.1909158607184159
1.2704353007686493,-0.01801483078386061
-0.5673589857702285,0.6807197971894172
-2.127391710581869,-1.330799564195337
2.033841596459776,1.0846702421105066
-0.6674732625881418,0.44173399060809215
3.043427974353497,1.286553837532542
2.2550424942597447,0.9202038212167069
-1.6191317420032354,-1.2787344935921785
0.26553545365574255,-0.6212799049860438
-0.04467281867548181,-0.487880998096617
-1.1834304991920703,0.23640686844416955
0.3082073256229369,0.22043817517753037
-1.4736793582778627,-0.5007507241951332
4.6225076370339755,0.6599977638604988
0.6909868941404137,0.6789064003827744
-0.7129667995232739,0.028100548139467996
-1.4359300376150583,0.42362645724915715
-0.9950326634462549,0.3535748469610186
-1.6598290900114416,0.13373041221296472
-1.3986270674897563,-0.95036990763499
-0.4013568661201321,-1.2132408045738368
-1.2389306439401635,0.8111588392187674
0.6607391802743419,-0.25218041274749103
2.9085126522605718,-1.3719481846883355
-2.350369074379555,0.5604841800153576
1.3429274662509745,-0.9464226162666579
4.937555803348201,-0.833580627674164
-0.738841740811523,2.064847854727795
-1.2999930225469112,-0.4162825553196594
2.124922589517217,1.1422303170760224
0.15094480085097442,-0.4059297505114122
-1.138481426025841,-0.05439931181305041
3.2042602851078272,0.12900927622358616
3.6657505701758315,1.7963255916845584
0.44107922663921606,0.008261401477312191
0.11855215537754658,-0.8752947503680737
1.7761355967911452,-0.5998509669440202
-0.6699196806961091,-0.2720718671936715
0.4976379456705292,-1.3465322047317398
-0.5840985970228236,1.3398110671101602
-1.8392605710474328,-0.8042713344011043
-0.49874491919152186,-0.3034937562057838
-1.5488041740956586,-0.19873560117966607
-1.6035387913664372,-0.21875724154823903
-1.2026960181497568,1.2150678627018867
2.188448096279364,-0.4961987933918821
-0.5074165698658454,-0.8056513884434754
1.3565876633663005,-0.33307335444204056
-0.7196613076202293,0.2641112606662712
-1.5303598616353007,0.677339127530728
1.243424339713304,-0.8955654558421067
-0.6662479808360814,1.8285690634684035
-0.8671733926280144,0.46592465440097885
-0.7233373006564622,1.9896240901143782
2.2485338806324777,-1.3248905813619667
-1.3339630971315746,0.9477584725178887
-1.2032679091482454,-0.5420273174671499
2.1486499435906197,-0.6160873673222996
2.247969689419968,-1.433972486050686
2.442326581374121,0.5529129599662791
-0.5986448325826276,0.3879849002081631
1.3558560349280895,1.2529849936468755
-0.37613610530639574,1.782368625232683
-0.9495916042831801,-1.1351481347599617
-0.9010546403029699,1.030109483699876
0.06271596933692775,-0.4218094950472834
-0.6631668512624179,0.6092742500702313
0.6589028506474383,-2.10080682448391
-0.8121485100667128,2.467269676627352
-1.480362627526215,1.2095630892000215
-1.1662329912617657,0.6018936307646338
-1.2749593133397148,-0.4993877639212222
0.18820026459632275,1.6126325312199126
0.6779176534068088,0.43381113372432933
1.9404159755117794,-0.35178970374696406
1.951866604473584,-0.7194957185059769
1.367451408320137,2.065064193194551
-1.6430401226551652,1.6282713935579385
-0.2617049905089961,-0.506181006347765
2.2961118596876777,1.3631695138704716
0.39184542947071355,-0.7809462833569029
-0.5010575579005906,0.8848497588367766
0.9085824165326458,-1.2178729840696154
2.4192833909969256,-0.28423315969943497
-1.7041768698828,-0.2165657366980269
-0.7341380873314861,-0.7385434746252934
-1.06177918797244,2.1191621285001596
-1.0150051617417195,-0.22579986331601173
0.9671737265871265,-0.861286155131225
0.6254418017379095,0.5388706482157618
0.8056589501542768,-1.154074097528197
-0.5974537084487613,0.5080149201303482
-1.1433925158813039,0.4089994582048484
-0.8809801117773602,0.003443751867079542
-0.22926088920045382,-0.999572770449041
-0.5530919547441573,0.34760183670088807
-1.3248204708353573,-1.194934664336383
-2.2911555872976295,-1.1944328431167661
0.2615943202474977,-0.5812200741830024
0.17072546225790144,-0.15325170212854472
-0.49363188416116743,-0.6726966914335971
-1.5906288385733376,-0.7051595812603678
-0.9249386820818611,1.5672490290265764
0.15265800113131006,0.16028068149358177
-0.5705643113820433,0.02882134182140378
-0.655875394981045,-0.9979594671109292
-1.1362706863624787,-1.53280009668615
-1.3384558447804045,-1.3450794688388668
-1.3949328433306505,-0.8985588240287146
-1.4773822102623395,0.5797189829849158
3.9363771872288362,-1.260146308321126
-0.8512326374560995,0.19987239061637538
-1.9821164029309593,0.2152590710623167
-1.6221261712853965,0.32297812982138285
1.733416968101796,0.970769604206243
-1.1125690095276706,-0.3747470361075691
-1.3923340708429814,0.5571045202748808
-1.1062745932612794,0.32579843144419895
-1.6182637157714614,-0.0037514012282963694
-1.3133165870427423,0.41949845608649905
-0.3463507664739628,-1.6856365605661274
-1.7007971826539034,-0.05461628016499104
-1.3299052999138845,0.45359128749882793
0.27881798978006994,-0.28977523290252793
-1.0584708833458445,-0.5743772734880455
-0.9346892291801593,-1.2412998226886227
0.1469618175258112,-0.01123004994852779
-0.8598501580761463,-1.0602618003547624
-0.7356213381647453,-0.7683782498222849
-0.31252268772032954,0.060311757177250985
-1.5958517271813433,-0.5531245162180032
-0.5223738638850044,-1.3151694908423042
0.328364672427183,-1.412080261752424
-0.18661147423050148,-1.498155880842698
-1.487719604892056,-1.5667493096648544
0.21595348475578796,0.3131813358607197
3.1421880554274875,0.11808130735670958
-1.6053231710265785,-0.45823025638254
2.6640726407712316,-1.50967343442003
-1.1497118034530145,1.6742018825666614
-0.2768831877198522,0.6086910716284823
-0.5635204470223071,0.6801772601197601
0.2660614711806064,-0.9320411168014672
-2.3158592823020028,-0.6962727002037729
-1.986750883591847,0.01749899852107878
-2.396901916671869,-0.6767986059501274
0.9828741923884423,0.624014287171266
1.3433499819224282,-0.3579106803027806
-0.7747991687064695,-0.04644089696917009
-0.6316562597535348,0.2131931665807883
-1.2766585402838833,0.28482717274816227
-1.225847248219989,0.5165231451326511
-1.0391705227517996,0.28375227601606934
-1.5735193004353052,-1.2120292893770037
-0.06448629759269522,0.9985245078627757
-1.4261261715414162,1.2465595252953974
-1.2671724174314785,0.4840033467363909
2.943944968425659,1.5046406171202216
-1.7805576345034775,-0.0773961486829085
-0.7527477983010474,-0.9012583191615859
-1.2899771125057446,0.509253887257008
-0.9346892291801593,-1.2412998226886227
-0.8066404145429714,2.1651351658651
-0.11584188728633929,0.33132699529227616
-1.0487995010577524,1.1063748896078678
-1.6405951613775758,-1.6033594821649775
-1.6055747802364966,-1.8478278457307655
-1.4832231069501463,1.0075030827497713
3.0879603776243307,-1.235526922799881
4.125196611830172,-1.343603805051598
0.29536715471341396,-0.21715739059090858
1.721704195639387,0.37345982149482404
0.6951821858573949,-0.8650684090409396
1.4110930957005168,1.2625296158644272
0.13930831327665652,0.03145684514162202
-0.7977716659606825,0.23819790719176562
1.5683212716030779,-0.039654661654564494
1.9487933505709711,-0.9064639598236917
-1.0215474791917043,-0.04705861080088811
0.06989177575172059,0.4657187207909782
1.3229716182242741,0.34292036303569806
-0.8679591820167546,0.20287636989308813
-1.914229950146551,-0.07504348241095465
4.86353088779385,0.41389395100238746
0.12988422103449684,1.0637590619299084
0.6814031355839932,-1.4593316574831672
-0.051092494923941606,-0.8684217101125048
-0.2230011126560714,-1.26984795732042
-1.6012486342843497,0.9881142583162881
-1.4168604541631467,1.4544347000428286
-0.09036080745560951,-0.4989124829563242
-0.20767857325386166,-1.2280222835532892
2.8182380830989286,-0.9730102670223796
-1.5243874792506336,-1.8218769292555987
0.877823967808151,-0.2390767013867093
-1.9762106308113911,-0.18814109858355774
-1.1028889201021796,0.7232958091344914
-1.1456076994135953,-0.06191760768684049
1.6820919704150774,-0.8371761944740604
0.5667972857283166,-1.0577761269835453
-0.8745305428510916,-1.0044165346259895
1.7761355967911452,-0.5998509669440202
-0.6202730511232143,-0.03577278770419734
-0.20528612229092427,2.0210038590990638
0.9048408112403065,-0.6304161910322114
0.39992325204816526,0.5206177423295352
0.21794373417269025,-0.8611975244078026
-1.574346307498331,1.1787552121266158
-1.560249822457376,1.1076960465975147
0.6987859465549888,0.14555460570691547
0.3115405259856581,0.23166426785160396
2.0596803679924838,0.2579776112462625
-0.5947933943027414,-2.788170090737901
2.203124751756632,-1.3490901177839953
-0.5540705523419719,0.1841432632735537
-0.567256087632086,-0.5542330740966026
-1.2330140581875364,-1.8557398596113672
4.7796387231272135,1.763797186101245
-0.20571436250958278,0.5192054863193392
-1.2596808599527467,1.6657787701791205
1.280536422925635,-0.34920340626619706
-1.2411929502948367,0.7558638993497035
0.8043938716751338,-0.012995458080351338
1.0125259594312217,-1.0812101717240672
1.4573688443937147,1.7041119163117868
-1.0353995431902596,-0.1612560407754538
-1.2671724174314785,0.4840033467363909
-0.6935189904513251,0.6223227339576276
-0.7023073382624377,-0.344239211292388
1.934818367609745,-0.3864476569799099
1.6206387213846514,0.8974861978844922
-0.7357353803665346,-0.437952353455793
0.6135101368421731,0.49220089364444086
1.374615063499064,0.39911315899010147
0.13671448605028816,-0.9260357347572171
1.6152962043369434,1.561026622685307
-1.4810044955859192,-0.052920005643991186
1.2181992496009382,-0.682287218601609
1.9605159279869764,1.4220501228964981
-0.6939990580714849,1.5004601489387017
-0.6637308754895763,0.7645807234781333
0.09455125857550298,-0.6476588205923826
-1.2312532820542648,0.8186072633058323
-1.0665569116900293,0.3309914872780024
-1.2608629043535817,0.2986672448756027
2.4214156075992266,1.1071487712492978
1.8893387833948152,0.4236222010432631
-1.1094019467366811,0.6325068164110601
-1.1375418835027755,0.4130867188633961
-1.8638551483510781,0.765823967899577
-0.6445656484842971,-0.16960019103639473
1.883566084485107,-1.3276849688788324
-1.7488655190810165,-1.1164749984633964
3.0715558390345983,1.7957119378896982
-1.403323757584302,-0.35679456467960335
1.2747353848978438,0.3459363790012744
-0.4823136216929761,-1.2631240546030036
0.33125856322235586,0.15866855857841522
-1.4810044955859192,-0.052920005643991186
-1.4727617237671289,1.6427885196831558
-1.3040891474712262,1.6346287405874345
-1.8381185073050115,1.8721025732497887
1.4426064815834279,-0.3754187387134488
1.1918064408532378,-0.05670310721313793
0.4052755556288161,-0.3364759540193336
-1.3341541668198895,1.6318621840016085
0.013674895852582455,-1.4479515761689425
1.4870540772894352,1.0007949092452266
-1.9076717750543315,-2.2246631772563523
-0.047893039146713834,-0.45113105294847666
-1.073192680460819,1.305290395593435
-0.5627705012597867,2.1336278747600312
-0.2964213823307059,0.3780274990714302
0.17355668960321405,-1.0921013538316338
-1.7625630356574062,0.037718100565593715
-0.5277148645239297,-1.389719794431833
1.078324436907639,0.011214906088814425
0.546983808328148,-1.1905309819951715
2.0666046176261874,-0.11631273421366667
0.5627887719635787,0.07946634877597775
-1.7112101327094575,-0.5430608712934561
-0.660076359259662,-0.9092691650535895
-1.290740428610171,0.6972385171712333
-2.3740738218192443,-1.4056254696382142
0.476486153190391,0.21765752462488427
-1.0487995010577524,1.1063748896078678
-1.0937041569633246,-0.05441729363653586
-1.5294825333351991,1.6374644876427158
0.5879034514052367,-1.4606892847392259
-1.0346826898316097,1.2136509412129608
-0.4238657368536699,-1.2493902674736628
1.2610975680379053,-0.49587914760631013
0.5352112915947542,-1.4264701005076137
-0.6287373431564858,-2.023816864345478
-0.4824595196190915,-2.273102236090252
3.195191258856744,-1.2487826589801914
-1.5554367540910663,-1.512557323186755
3.624400027358706,1.7197715436387078
-1.430598964823308,1.4631558146338108
-0.6935189904513251,0.6223227339576276
-0.8195778855052257,-0.5624677669080889
-1.5278027065773927,0.4565367793713683
3.6251854102042733,-1.215164393796179
-0.44844070873116515,2.446892819289396
-0.23339370086936903,0.36391666737409145
-2.280769479264767,-1.8438232354250481
1.677195176140495,-1.3560970882446302
1.6262056265106153,-1.1623287711211707
-0.8991687438838744,-0.18430709087582411
1.163137892455603,1.5627677935197912
-1.1435626306534128,0.03098831498281833
-1.4007211452335073,-1.6834284673010673
0.43342061048715597,0.19709003737855674
-1.0664902105196794,0.931726145731586
2.5221238635536816,1.6484206183509156
-1.079719540016248,-0.3387677851468516
1.3380993924654627,-0.7150202078415544
-1.1107088242395862,1.8636713530789217
-0.6699196806961091,-0.2720718671936715
-0.7342759733136357,-0.1741707868363739
-0.5397013831697002,0.27441337398026344
-2.0489066339806006,-0.8544721650095919
-0.34636006135508046,1.3278680506170784
0.996045642748878,-0.25156423038470876
-1.1787609469348164,0.567449960593322
-0.24850445717210604,-0.38286781208506726
3.6772264763976565,-0.817515530676386
2.30265710397621,-0.5920951063520327
-1.5048331580039103,-1.128919795132007
-1.857946466628161,-0.8815585383736285
-1.3231805602960713,-1.0073226822891796
0.6004607962384891,0.25665114946227696
0.2825438759773909,1.57828097934028
-0.3245120107599394,0.14846306637099085
-0.0576638490392094,-0.5683225942779732
1.6352992484481854,1.6937064480581463
-0.8916061403356282,1.661351896478955
2.3177542185082847,1.9841916985931514
-0.9983365992393068,0.5802290788387887
-1.8893834272943968,0.24248534172590733
-0.033671272689031445,0.9560487514048481
-1.420826980607872,1.2358044149455376
-0.5672219130869571,1.2175556772555565
-0.2617049905089961,-0.506181006347765
0.367746049917038,-1.0842054608410867
-0.11746006154122432,-0.20100957458352534
-1.4756770956369905,0.45222915432393684
1.3859360300932102,1.2923907987304073
-0.8511931908168126,-1.30537286292446
-1.1491142976174615,-1.0266078161160699
-0.4657720007529397,-1.3069213350702293
0.09577259655825818,0.08048741739993331
0.32970905448431664,0.23707671662820284
-1.5591256801804951,1.2492911380992748
-1.1511420135972183,0.6400029219710472
0.7832449965326416,-1.9371708100992797
-0.8112922149437375,0.04986351306871263
-1.2461905542794676,-1.2935938731617715
-1.501965345610471,0.9278544008835271
-0.9976311116043598,-2.0613380274402973
0.10823685312092172,-1.1875965534385633
-0.17126977323761614,-1.1455337210188188
1.315552474467114,-1.3983611041282757
-1.5658172802847963,-0.469597492634551
-1.313986259549579,0.7021915950353134
-1.7390594642896477,-0.38677267718599007
2.350698409690044,-0.8266128185998494
-0.8410554088730767,0.22814599874442312
-1.4579984524586078,0.9810965227070341
0.34449088933785316,0.5378922733528595
-0.250631920344476,0.08987400040283877
-0.3756913618820815,0.2413197571449314
1.3766942690369386,1.4708255638673666
1.1934529881608946,0.312712431274467
-1.0810708844894448,-1.9815309496662232
-1.4968355913175728,1.2189231875583004
2.064363173267797,-0.40577714871839177
-1.6453620754427531,-0.8072298696931102
-1.2156537046460374,-1.3514051701168164
-1.1833901716157935,0.8014994929579909
-0.7458998214843962,-0.9900289410136204
0.2615544656232534,-1.2975539143083563
-0.2392449188775889,0.1503915040796236
3.202746456447003,1.3657203310489394
-0.9062459568145985,-1.3729066779058352
-1.5615011008396027,-0.4676179957646992
0.24033791291399315,0.2830976079412796
-1.5215998341115724,-0.6787526807626192
-0.5040167773866452,2.2509677064691616
-1.1009643656331691,1.250963970379249
-0.4509150820438136,-0.8758234314413811
-1.6423066482059085,-1.124754280064133
1.0235244810902868,-0.2664469817126217
1.767530851734138,-0.4473774886259233
0.9955107876923774,2.1418379091505377
2.307764677856263,-1.1963367397243703
3.014932572823912,1.494083235042371
1.9930913358523052,-0.586842601183626
0.9706508730128811,-0.2608812420423847
-0.7960247035910127,2.527670787305607
-1.1612810994765421,0.6398183347702203
-1.6220231179471707,1.0755835625403618
-0.5641366016183028,0.47651404358590455
-1.2477215532668844,0.9630752208569646
2.366847365068468,1.0567331627413934
-1.6199885374584344,-0.2724089864978342
-1.9104888853470388,-1.2727649887817927
-1.5251042412587617,1.284965604527925
-0.5016385340935725,-1.2616959625315456
-1.6074045717016814,-0.45061413812187046
2.1060907493869703,0.9887679496835621
1.2356433304626226,0.02513576788591839
0.23678711141863867,-0.024405488807462433
1.5148426839106386,1.6750478488779523
-0.1210252004170074,-1.3595385884866569
1.289128165696039,1.7102277833206891
-1.6374977968277864,1.4837723125585283
-1.4674323180513853,1.1363668339469213
-0.8440656979347133,2.4760526832173637
0.16200162049380087,-1.4220061093718026
-1.6366295468393668,-0.301785379039065
1.8600892057335383,1.3344470065221858
-1.5398958754812024,-1.3093946737181192
0.7748292691650369,-2.224927009994082
0.3276973934017002,0.29816139176027745
-1.5558593367280016,-1.435847838843091
-1.6183050913411499,1.7771349196249517
-0.1835475916296236,0.17923912879397152
-1.6491065632806876,0.686985446924943
-1.0941372439781385,1.1971224174242698
1.1516747148558544,-1.027828546932804
-0.558649662856541,-0.3394127935481208
0.06526937216353511,0.4369530589218855
-0.5843579680720978,0.22366603676739757
4.953461845110539,1.813775401226582
3.01743681233616,-0.7877052360275576
-1.074349992540655,0.7376488384924367
2.67555640510881,0.07969990930894326
-1.6238744567887078,1.9911721978583743
-0.8207751123232975,1.1954697605234061
0.4407230784489321,-1.142392203804433
-2.078095491115989,0.3356612389169298
-1.4280809703558583,-0.124095721344325
0.6172407558811812,0.4936118633367669
-1.6164517229258568,1.0523562612264294
4.43567979097001,1.3960995013044624
4.301944913913425,2.0124520923745113
2.8408376470751895,-0.23472652832784982
-0.9001819460641355,1.0393674679444564
-1.5738199062148273,1.0645727150410775
-1.2966180821020992,-1.4940873764411207
-1.3533525025947133,-0.02344344161269306
0.013674895852582455,-1.4479515761689425
0.9417184615102112,-1.647404373261654
-1.447965486280702,-0.864946637390454
-0.6316562597535348,0.2131931665807883
-0.9877473997686904,-1.2950667978647759
2.580001996369445,0.07223430354538023
0.2460694870670091,-1.1025607029121327
1.079089073404039,-1.4272712768858493
-0.32099959444881687,-1.009792591485979
2.176891813236432,-0.06558673478927998
0.21906220947769867,-0.6928523354541446
-1.0277417021042865,0.21749825469729564
0.03207894561278829,-0.3203403564428695
-0.8071704967617529,1.1048881510909376
0.10182049648533661,-1.078576430811407
1.7818068865313281,-1.3027213482532833
0.041896477558221054,-0.1482276235769134
1.9880310508846526,-1.054594219253741
-0.38360528765653057,-0.7559810181688345
1.3842135273546639,-1.3088672648246753
0.37049657465298763,-0.27559278402742493
4.609374387156872,-0.9771580313459959
1.0979117005798749,-0.6997780605706384
-0.6775884825946078,0.3799163819670701
-1.2905929498112918,0.9861166248511204
0.33028649068865723,-1.3899863247723927
-1.8487848400317242,-0.178883356858656
-2.201798631492383,0.5492893649820648
-1.580576831364122,-0.5163326661542454
-0.9527861569617514,0.23972116675927144
-1.576515265949571,-1.436113032463127
0.29595221188994986,-0.12548678710002462
0.001520809865242334,-0.5525884302803329
-1.6579063429151124,1.0979514341990046
-0.29916481642076775,0.29825097138591106
0.5397518721844791,0.2602722236667634
-1.5339513183984559,1.5153483292912504
0.48577298335984165,-1.2106905032080213
-1.2168946869042314,0.9388768360669308
1.3558560349280895,1.2529849936468755
-0.4665751832288084,0.2641462424894006
-0.16579756674128207,0.5576359638705347
-1.3281470595823341,0.6080501638356223
0.2607742192316496,-1.073518462771275
1.1414962053830755,1.5080390463329336
1.8514509059007742,-1.0712576930525253
-1.0128473023921876,-0.07493117640732244
-1.2966180821020992,-1.4940873764411207
-1.2535971803190495,1.3608182600855634
-0.3404641905406399,1.4018643611735961
-1.043566193295472,0.38761453014318303
0.5416556536407133,1.5274053637986829
-1.522911186041346,1.0309105100670497
-1.5384481116031412,0.05426873688402006
1.485884262823839,0.2886840627508429
0.4918805235914946,-1.0279972818014993
-1.5037266855968363,-0.25385208319225905
-1.2812476265771753,-0.6562031985643239
-0.45783308875085316,0.25343291556671854
-1.1632685207197235,1.148554019657036
-0.1168633651130789,-0.021210828868531484
0.530953686021594,0.3633602739601147
-1.6085030852899644,-1.7559291916714175
-1.3986270674897563,-0.95036990763499
2.5289431662371165,-0.20933403693501887
-1.1094019467366811,0.6325068164110601
-0.8452958992666978,-1.5072528297109673
-1.8205815814371924,-0.9687570515522806
-0.1553472532496233,-1.1768837500635783
-1.153003633678041,0.7204593981111498
0.3007531509998585,-0.9880641786549716
0.34449088933785316,0.5378922733528595
0.7780634378992852,0.11416273092555862
2.0588569346271037,0.047376782140672244
-0.9917443040864445,-1.9486832668059537
-1.3003627965170186,-0.6465301074481605
-0.8365409302981747,-1.6667500553366545
0.13671448605028816,-0.9260357347572171
-1.9277366594510492,-0.34335497187653596
-2.0396754577076615,-0.5713057322392925
2.3361077128905654,-0.8685201022112758
2.471264277757598,0.8250657407752194
-1.675505348226503,-0.6244015013601021
0.19219423537978678,-0.5035538865989491
1.9782294360568524,0.3678770772757354
2.0565215610930228,2.156174407594499
0.9592081941866826,-1.4324146499256334
-1.5432093271799379,1.3004933592726349
0.530381707340107,0.9094660178938462
1.7584847623653694,-1.0197591495237721
-0.8789452931629383,-1.5249844523105915
-1.7774378419934758,-0.9337111383822833
0.9315784167766709,-0.6054848915960436
-1.5343294446925022,-0.32484324910127715
-1.7041768698828,-0.2165657366980269
0.24871698455104724,-0.2957769709050255
0.9881338645753719,1.1564470957202586
-1.3683277103656561,0.2446738934082542
-0.40464615723085096,-0.36242040459610114
1.7333484997397959,1.452826676395931
2.169724839174309,-0.629879495675203
-1.3303544385825061,0.69578128108474
-1.3419335725426451,1.5179050994621601
-0.7273335562183877,-0.6980783290942322
0.14564864378808842,-0.6438213476670439
-0.7580441131636406,0.3615078146444146
-1.2716777356855251,-0.007084245057004723
-1.6281325830293092,0.20665938347503912
1.5159429250613652,0.3020516833483481
0.004154348980326572,-0.7579591129031528
0.02975653250507153,-1.2058177580243503
0.973113127914945,-1.3137123553003967
-1.1944395914650914,1.1099219744598492
3.5109807194390066,-0.6137220135178325
-1.3197984259617674,0.161200350150849
1.345363537123206,-0.5214239167230812
-0.7528100894753826,-1.0119217771285742
2.939556955189482,1.0061872862977363
-0.5998079831416973,2.356226432191557
-0.25026348259260534,-0.3419286296783489
-1.4981427273652503,1.6393665776818702
2.9216985437583043,2.312348604522528
-1.4937229711570321,0.7144351089185788
1.6339539645091967,0.9352396118085914
1.7557464655662245,-0.2397703776552418
1.7408600319076923,1.2801624927392365
1.9757245413863105,0.034882556325489776
-1.6726479853766851,-2.4468128430638956
-0.675672532264214,1.4261497512572565
1.763972712274916,0.5062141663107834
-0.36198237778381226,1.0710219742413265
0.410950068980074,-0.49710113317700233
-0.9249618888804377,1.4633693451325063
-0.30689760851696835,0.5766164335724275
0.4454318319615064,-0.15410038746960447
2.2961118596876777,1.3631695138704716
-0.05690754755497279,-0.2702978344623256
-1.7738478561964175,-0.43098222731100677
-1.2860781968151547,1.2511353292857754
-0.9542206957770959,0.3071528846152001
4.4853950035918375,1.0408284710701903
-1.3149922269683867,0.0920153449877461
0.5671730267108951,-0.6556036242397814
-1.563215501061052,-0.2488071160866456
0.12313092945362152,-1.6898269966562929
-0.7470577154017483,-1.2324356232717044
-0.7252023054564455,2.210276027112358
0.4217562327667209,0.004217229393928823
2.4970547280438553,-0.420143813354371
0.6332684871290161,-1.6067241438053916
1.0316604748339324,0.09182325438708891
1.9772290238155594,1.3483838407370141
-0.6652094354830936,0.3134342426030435
-0.7284473854109691,-0.08659581691925936
0.8890166631772165,-0.08972156777524912
-0.5942204691954845,2.000741203078574
-0.5075770167569015,1.0334018250859915
-1.478231067607814,-1.3452032509957128
2.8854900456972503,0.3751510097212254
-0.18719320985520307,-0.4312337395390544
-0.17655552225933888,1.1108552738311426
2.176444466823367,1.643612700655024
4.346002400780953,1.87109089003803
-1.3228192224979758,1.3481662102678216
1.267289054325348,-0.011868683366664065
1.0357606934659809,0.7307505828135237
-0.5451545906185713,-1.4643507725171754
-0.7939454784735992,1.0205483435774811
3.06465907970428,-0.9018238761627603
-0.0892593818840586,-1.5256827108297806
-1.4714600871956456,-0.8533462633864662
-0.726654858300498,1.9352191634598412
0.6230040786043997,1.6710108964404478
-1.280108951477904,0.35172857542565894
-0.08207302696910862,0.06140285659063617
1.1927818292857073,-0.6802404183309909
0.2993025361448625,-0.05559584066417969
-1.2891287594831076,1.400281402935717
-0.2980219415034614,0.04303666243110882
-0.6998397658512431,1.1018945885840763
2.0379836559344846,-0.569178404274052
1.5048509070712295,-0.11343275079522919
2.011387564046298,0.3253806726457319
2.6493499149626523,-0.35484662383365584
0.35831917365237403,-0.5642619499643294
0.8671565812414199,0.06322790863495588
-0.8121485100667128,2.467269676627352
-1.213024326713066,1.0169546900463264
-0.6339990881760461,1.4369016233070486
-1.7592140559980936,-0.6599590211017431
-1.2485444137106891,0.7653069820691176
0.39006497094319137,-0.07700365677256887
4.854445500071113,-0.3987073947668215
2.915426067878247,-1.5735361817277127
0.3796663436413879,-1.6689456733526657
-1.4879699150008676,0.8549073558413793
1.5584083890194405,0.07752920544670518
1.5390405027945637,0.3790098677072977
1.5710383172171056,-0.5081212930735395
-0.4709992644490313,-1.0138703962002267
-1.1869258486300893,-0.28967178273267224
0.007660273071884605,-1.8181535893268643
-1.5358740128040416,1.233935162104822
-1.8343761321299819,-0.39799617092535666
0.6257886295758761,-1.6565135749718083
-1.7949400253301837,0.05951744612505033
-0.26058688264569174,-1.0333065857553079
0.08450644056946119,-1.5663515029155926
-1.1393979556173808,-0.5721340170307728
-1.3920204854996678,0.5348590562470988
3.531242309910835,1.7098833881578301
-1.1722118971976936,-1.1708043323205013
-1.441390459011563,0.8496724789009771
1.2986799090223442,1.3970118942510628
-1.1057129064483586,0.6501270812253805
1.6707562548114643,-0.9993092593567797
1.202766830826146,1.3378735519353921
0.55071963306571,-0.053319231339794604
-1.683145292069038,-0.45761517393786644
-0.8745305428510916,-1.0044165346259895
0.2608878224699151,-1.5000889193402567
-0.2606735072610715,0.38752636902931115
1.9386838740274308,-1.106794032684213
2.3223280082011364,0.7241082044275082
0.6133637450179955,0.11306550459598913
1.663071542033013,-1.1200726103358225
-1.3467580933028698,0.7141094646129172
0.10221159141713082,-0.8255811905783833
2.804852953831667,1.67470368249284
-1.0810708844894448,-1.9815309496662232
0.5195211645145388,-0.587677948237768
3.8997736024905065,0.10760230519593905
-1.6170637101325658,0.18297908476347938
-1.3919931733585311,-1.6800507400345146
-0.7552753479176936,-0.21433707552827982
2.2145743094057266,-1.3776540202853718
0.1746994712700464,-0.0039974483621028345
0.8018647413145654,-0.8173018342116399
2.4764479622496176,-1.0582350708601298
3.085727110017588,1.040975462271957
0.799635500196669,-0.24021250387369095
-0.5658695245600277,1.2523964940018635
-1.5037266855968363,-0.25385208319225905
-0.7068386720952725,0.48907447552052985
-1.2102139171752986,-0.44527954277368065
0.12713584000981917,0.3166200614642818
-1.6252301448539102,-0.4807847984975643
-1.176204812264553,0.8551388031711493
-0.7458523928356565,1.4041987948410302
-1.3329900677300626,1.33055733118357
-1.3281470595823341,0.6080501638356223
4.266080265943983,-1.0934443225080104
-0.5401163660381432,-0.6110082198679866
-1.049445039065295,-0.15167221079747278
-1.3690820670575012,-0.5950651282621064
-1.1449539212488982,0.03436356856222739
0.14254542569488657,2.1847847803024876
-1.4135125635730608,1.4915371866458482
-0.21601421124936213,-1.0707524114428497
2.9022826814909704,-0.09012499713382369
-0.9528305188453853,0.2316683835941926
3.644700611468213,-1.4687119689723525
2.9360626337780866,-1.1594028507098013
-2.1411496394513407,-0.8174537245535883
3.3487649225309952,1.249430417432066
1.9083955517523465,0.8121428393982946
-0.33646687360633987,0.32558249080550716
-0.27820455403758904,0.5473346995752711
-0.2880408304554416,0.600788203543306
-1.4015202545961403,0.33672435018871116
-1.3068704393250357,0.07676614811259558
-1.346553756472277,0.3336772155956207
-0.41652928854819204,0.5873840836647346
-1.4812810756944426,-0.27220952350079486
-1.304268597076097,0.7750570349902206
0.7947839049528522,-0.2007888561584977
0.0008678245646465688,-0.19454078395543437
-0.16612830984970225,-0.9380300761416481
0.1688023075574653,-0.44768900081689345
2.2282503845366337,-0.5561381759068615
-1.0687700879794297,1.339085399995412
4.47542395699638,0.9232842735737893
0.2978924022010283,1.5856838184558057
1.9442151901774258,-0.49922114387956307
-1.7625630356574062,0.037718100565593715
-0.4186790558936717,1.7789580906847693
-1.8855298332683175,-0.45234049181983094
-1.9013890596468426,-1.5523209085243925
-2.471422017707092,-0.6345788069321776
-1.3221290103542895,0.8634768246140456
-1.0373709475858586,1.0013655047645678
-1.1762598541675233,-1.4789507541053906
0.9081396642349808,-1.6202084704242998
0.8300521901027151,-0.6274479144089476
-1.2746950003886914,0.8971795421803734
-1.8483677887864327,-0.6143894690153432
-0.503732334257999,-0.2617560848602104
0.6844176722904592,-1.4178900164311932
-1.7785343890741656,1.5840254599422203
1.131366240650108,-1.745128295529394
0.38954086438116187,-1.2745570250223843
-1.5639299924379944,0.83102617614733
0.40419361415307786,0.2606267054353646
-0.20026986510213393,1.2740155961956547
-0.1680482515526541,-1.5313498118983704
0.05548700322100612,-0.30000313985626936
0.06813764103258972,-1.47192724826321
-1.1557145249166576,1.1988469099650951
2.245936585805861,1.4305744183862013
0.4076354230022242,2.1805640581551886
-0.03752766093883056,-1.433617153753735
-1.3668328154290994,1.0809468373703586
-1.0199008396785092,0.7729260690997937
-0.7221117344191803,0.2313054220760035
-0.8251402147221277,0.12887467658475193
-0.6144459273946975,-0.7759068188665778
2.547090469352187,0.8972923250541835
1.170958975771238,-0.3327177619574675
1.8374888459680825,-1.3953233461491164
-1.6708994991402892,-1.66838565557516
-0.2857048752389847,-0.06827487967957677
0.6177257744421041,-1.0735320223787452
-1.5805436896777902,-1.4132600126755146
-1.348714380965485,-1.6841505918059807
-0.5000563820874743,0.6028941465372791
1.0805452036688803,-0.06399955211125916
0.476486153190391,0.21765752462488427
0.4786091240010224,-1.5808962978508059
-0.756166204662643,-0.6058224062072812
-1.0044366955699688,0.1037595198614599
-0.8998276202504806,0.8623149519662342
1.4110930957005168,1.2625296158644272
-1.6577936833579414,0.20153914152796928
0.5627887719635787,0.07946634877597775
0.5417836175781758,-1.5685937777514365
-0.03867423893279212,-0.8288606694255825
1.4106101024312019,-1.6725861752105537
-1.2784903999892527,1.2668305971976097
-1.2403985931639718,0.8810209253900299
-0.1667975612095057,-1.552272703028832
0.3288832611085846,-1.2343786148733162
-1.3683277103656561,0.2446738934082542
0.23825963163476538,1.9709787116399238
1.5987272441176146,1.3211848773967703
-0.01416497844594894,-0.12465807778811275
-1.380127854347354,0.8024358393669627
-0.5201280417745006,0.2547162393552689
-1.375862146135488,-0.40263438080571856
-0.569211374913383,-1.126875254953196
-1.2091169960933354,0.4980337053194487
-0.33250212067158536,-1.0692613190557692
-0.38474667854864497,-0.7132175310490488
1.4573688443937147,1.7041119163117868
2.2141721942170376,-1.2935665217483474
0.21117667241331844,-0.1615976918233177
1.4147825493131199,1.8462783746186846
1.8529382356264303,-1.0500089513678987
-1.303866663522359,0.9957709124972118
-1.2164701492313172,0.30293114199766413
-1.053864867331468,-0.22482810745437073
-0.6567901990890891,0.9076745547311773
-0.172053701915411,0.2619965661176238
2.7085676050619956,2.2207858513864402
0.6844176722904592,-1.4178900164311932
-1.3439641813398702,-1.9004962945662423
1.7842073376691931,0.6393011456612132
-1.0461778612119237,-1.5327782500040479
2.90253494238361,0.238105884821745
2.1320060527933977,0.28665217925245556
-1.422990359218413,-0.051893621527225486
0.5490363847907342,-1.7286005038915697
-1.6704427264536255,1.442140554206931
2.072018886784175,0.20333962352574705
-0.7969016620905619,1.2044188138313168
-1.563239343710703,1.5305842954917164
-0.5401163660381432,-0.6110082198679866
0.6541871382647331,-0.0782626694177824
-0.5440441650972009,-1.4640599638243548
3.1535784757118703,-0.3346484394912781
-0.6163254476801698,-1.6785093779443252
1.2910531423320484,1.58293441877326
-1.6697980920393998,-1.5380184323407389
-0.9470776969547029,0.4215127350747381
-0.461021287108517,-1.0911560789648884
0.4204252132034625,-0.26026274059377064
-1.380250422763532,1.0926099467432657
0.627636420975018,-1.5348060400000603
1.9178487893937923,-0.23988294928796697
-1.3724643995411168,0.39306563850251586
-1.082769746978399,0.6236843362129855
-2.026192992312687,0.23353373264619617
-0.9770335816129042,0.8530648686597998
-0.03500682872149111,-1.0481207683583607
-0.7352562126749534,-1.2872081797184896
3.9637618200932647,0.7081493297779413
-0.05865294908269675,-0.38925393132869035
2.7983628686538276,1.4967614583984497
1.4646335224742368,0.06889892173147916
-2.4305955287600347,-0.521112814124524
-1.2860951314254485,0.7038586824829278
2.7746820087293727,0.8662363933133507
2.207139824539889,-1.9038534286237319
-1.5681976221727043,1.1337108762877566
1.4218332748341624,-0.4991735218420623
-0.31175314468725834,-0.41636067936861376
-0.8169318290130806,-0.32738485948126517
-1.4753925054312234,0.37319850615780914
-0.35341578589442146,-1.2311621821302183
-1.70198173184906,-0.546283617973691
-1.5306909387524006,0.677438628298257
-1.7456475061720211,-0.24059461281322977
-1.644692476510916,-0.4688500130910951
-0.49875066858630623,0.016660473897036343
1.3723375849831674,0.3094668451447844
2.449592269903974,-0.525594118663082
-1.2902721388759488,0.3455714860294058
-2.1275575872024137,-1.623544137561644
-0.9444954103077067,-0.39789679358295904
-0.9147171980352781,-0.4462032751027367
-1.3666491377091519,-1.3276711381020523
2.5862978686099902,0.6126177337141115
-1.551813779584402,0.833957603939077
-0.8169318290130806,-0.32738485948126517
-1.313986259549579,0.7021915950353134
-1.294954165402339,1.1930329166073745
-1.4436613799404676,-0.8152033777549215
-1.236326412099542,0.5931598155895818
0.6798588472962155,-1.0539103924855733
-0.4015899183349463,-0.40811067627153885
1.0086808958612197,-0.631698274692485
-0.40601427800798573,0.6408860499697553
-0.471320271398589,-0.8864102172113045
2.6537956161846967,-1.0930923580796383
-1.7291746571723496,2.029599366546312
-1.2114319838158802,0.5477096337354027
0.9592081941866826,-1.4324146499256334
4.0556152858673,2.133224815010312
3.838928209344469,1.5451752775689072
-1.670020635089472,0.43197647993855093
0.6813666284114902,-0.41179027495210885
3.173131083502931,0.8028345269475193
0.13072175335823485,0.2456686776613438
0.8484897025644231,-1.6455542764081512
1.419061448751309,-1.0018038838212164
3.6248280166253397,0.8266587343680065
2.3819277521518933,0.0026215637366984734
-0.5397013831697002,0.27441337398026344
0.3064507421033783,0.18239747679966412
-0.7812408223033572,-0.9332838899400505
-1.3678870256512192,0.5994440836604439
0.09230900835584227,0.3448647143256742
-0.11584188728633929,0.33132699529227616
-1.3663218642493087,0.8925964627449172
-0.713935378637758,-0.9115654407511231
1.1113871819216377,-0.8088985482622947
1.098216726898566,-0.010341015650304389
2.7889868001874447,-0.6835686057147942
1.4144173866649046,-0.506299525315665
-1.3812826625661785,0.4631328882276522
2.199948956851029,1.1083692946765178
-1.6203125637687386,-0.2858773904451243
-0.4130703226711413,-0.7456958684771091
3.6267614569115043,-0.4993785734538426
1.7532964420807224,-1.1359853206278017
-2.168955267419278,-1.3452604478226398
-0.14420483907607076,1.0575680157185654
0.3194378239386053,0.30379575159935
-0.285509318085134,-1.5496447673611717
-1.7297109092787781,0.036224570564602654
-1.6218243469354037,1.8673875785987903
-0.05083537561758841,-0.13654644333062835
-0.5397013831697002,0.27441337398026344
0.3498862257111374,0.33673023483948417
-0.8121485100667128,2.467269676627352
-1.5652279851756215,-0.4673920473146035
0.36470986275736533,0.5839521872573513
-1.0934745258998844,-1.3235643855717796
-1.533698494264521,-0.08849863111191161
-1.4843652385112756,-0.9115249911926057
-0.45974448459062356,-0.9789194615224278
2.1593070202377382,0.9704601850536108
-1.5489805008820856,-1.7865448840995575
1.7320729957459247,2.0926805265900734
-1.8285284272074112,0.9566324794019758
-1.6370743680341728,-1.4869761356101507
-1.3844676116759662,1.2318040867432436
1.883566084485107,-1.3276849688788324
-1.501965345610471,0.9278544008835271
-0.807072624313836,1.2264495470152117
-0.34719479240390005,0.6035529785260701
2.9278487866841223,1.433780451297823
-1.7836127364329253,1.1511687135600202
-2.315001541067372,-1.3262953750485449
0.5181675614932258,0.05943150507300875
-0.7341380873314861,-0.7385434746252934
-0.6368331381398558,0.0041520532267994015
-0.22793278237335526,-0.6272421358271785
2.0817613873665026,1.2389617105554465
-1.9783437467425027,-0.0538515116048483
-1.106341680302496,1.6042797056979727
0.7951125210413937,0.6675839879094819
-0.6778878958566418,2.109251208384956
11.693775437940467,-5.638804523338386
-1.2226194265266614,0.5176423045574299
0.6453530974258066,-0.3832517357703441
-0.5947933943027414,-2.788170090737901
1.757702313738769,1.448577743923569
0.399725029998095,-1.2197494472059884
-1.157668966989642,-1.6632222410337116
