,principal_component_1,principal_component_2
0,1.6850303911895153,0.3973688311530519
1,-1.9046312696624317,0.2258646331117981
2,0.6981948315208524,1.2055477831868588
3,-1.7757914820456313,0.6447872006261846
4,0.07414310943855096,-0.875875175945485
5,-0.6379171629054833,1.421244178576149
6,0.6818181476859575,-1.8771601156474778
7,-0.5432918261007988,-1.3126943874919872
8,-1.7207128772647264,0.6880461393916502
9,-2.567320039364282,1.1225520027100124
10,-0.3728726227355793,-1.1602164258483387
11,0.0778929374842316,-2.0523208553556223
12,2.363976837636489,-1.893066844396373
13,-0.43205179476589184,-1.5717283458896965
14,0.22686674338117813,-1.9358872323485306
15,2.840416969858495,1.2576889268958338
16,-1.4090385437289845,-0.8470115022787146
17,-0.2377900179911276,0.5543181901650844
18,2.006791734786593,0.3741370347891973
19,-1.0795303928430013,-0.2757820854553578
20,0.7742172137407076,-1.5552873862068313
21,1.0344504138172275,-0.25402496313715295
22,0.290607413550908,-0.727566377833148
23,-1.2215392085148444,1.0131159855858773
24,-0.24066941484340493,-0.8557187104215329
25,-1.0867328272215677,-0.6231883615241696
26,-0.494132649319171,-1.269475405000643
27,3.177970282772885,0.056621402550245906
28,0.6217315100433707,-3.0736785335049523
29,-0.22283331194598094,0.5656441508943653
30,-0.99190256641092,1.2014450134974342
31,-0.648047222888134,-1.7362258469358898
32,2.0218243874137833,-0.726170093288212
33,-1.8231605878355563,0.28283288130773254
34,0.629273329230003,-0.5213891068416194
35,-0.7760640991780655,-1.4784461256767403
36,-2.0172344083503377,1.9005364793605617
37,2.4671268215096602,-1.8197473145529306
38,1.2360693028912286,-0.1259712810146027
39,-0.8511331824971934,-1.531956241640735
40,-1.877871966822115,0.5709960355465493
41,0.38993790242010845,-0.388184067219474
42,-1.0838882238158563,-1.707275364220169
43,1.519461025740955,0.3622712362692273
44,0.12836766683405937,-2.022463803737654
45,-1.5263489326484805,0.8358081041553558
46,-2.6848887216204664,0.7324366389644019
47,0.10731982560514114,0.13843578944448426
48,-1.274342589829265,2.4064304473689515
49,2.6053476051357616,-0.3507788345019466
50,-1.0975078438218544,-0.28071518507993704
51,4.111390478989473,-0.6972848187450482
52,-0.5841394597022679,-0.2883828900860618
53,2.3524278157723164,2.2680114594787786
54,2.475708339597407,-1.8060673584073819
55,-1.2620917424943234,-0.4007017322006609
56,-0.8628632626255703,-0.09697916096888184
57,0.11515047095695685,-0.8583597913777976
58,2.8268104726223098,1.2293985997771852
59,-1.5992383378910902,1.8181257293414255
60,0.002090860091204405,0.4447571850435137
61,-1.1563785658586785,2.4825326515577912
62,0.9308725993980904,1.3404529904279898
63,-0.7820464519896096,-1.4762117726649864
64,-2.658077709760042,1.093285045968501
65,1.758153787725323,1.6653179010252788
66,-0.5818923102534896,1.4733578411927994
67,-1.6217027463083,2.782068940415296
68,2.041617981071452,-0.7192634514042151
69,-0.2984017105800955,-1.1161650382152706
70,0.5497516212975031,-0.5751206523111674
71,-0.13291838947633705,0.014875563707045663
72,0.4234592285141566,-1.78786768328328
73,-0.04845459911277447,-2.353488818963457
74,2.7044130797352093,-0.3033967082847644
75,2.9655180968755386,1.2586862762797095
76,-0.673052264307585,0.2638946320534028
77,0.8729812318816703,1.3169705939692629
78,-1.1196236218090365,-0.31117692974996786
79,-0.7873623162759753,-1.4776759106505757
80,-0.7803312769220029,-1.481428538004017
81,-0.22283331194598094,0.5656441508943653
82,2.396998903716598,-1.82070836559087
83,-1.6460251114308357,-1.0229631244051316
84,-0.957324592637973,-0.5433750310135133
85,0.3906612908370207,0.7474474866367218
86,2.8422116365432553,-0.15647124197790932
87,-1.2067871870888232,1.0607202759742729
88,-1.7762060645007554,-0.08313393544469376
89,-1.8293154489498786,0.2849349282042537
90,0.5387421979082669,1.0529162115791904
91,-1.0221065192356809,-0.21707933339325894
92,-0.80901887451885,-1.498204854036235
93,-0.7010659921241433,-1.4157001661628108
94,-0.9810400138441717,2.5821854464517937
95,-0.7603268960227895,-1.7876459238513351
96,2.5031526787575618,-0.3601919069765217
97,1.067386882254394,-1.3440845238183832
98,-0.8998133288380634,-0.12909237702308565
99,-1.1318812633147628,-0.30461032259422854
100,0.11775237669598965,1.935050996433789
101,1.9127549023133315,-0.7987892799802208
102,2.2444738999381655,-0.5410370230953814
103,-1.829363443125267,0.6071837688328123
104,-1.2146930187148837,-0.7111668346899838
105,-0.5619471634167627,-0.31549122220649023
106,-0.99164361439537,-0.2101188036014349
107,2.0707005205218367,-0.6384587241379946
108,-0.1856630346167807,1.731377134641592
109,2.5171486061061206,0.9712745058106464
110,-0.31307720889737456,1.6512351758695616
111,2.409537886190037,1.0121429925198189
112,-0.05436728670818128,-0.9931625931018251
113,-1.7596799238513798,0.3244068276093934
114,3.8220376760917043,0.5082198009463852
115,-0.15482505238629746,-1.073983360435324
116,-2.628430821488117,1.1058616340339913
117,-1.8700185979724266,0.5754224497723976
118,-0.7891396674469161,1.313392308209553
119,-1.1440043350793208,-0.3175371890885359
120,-1.8306824968396231,-1.1608128640955333
121,-0.1756682792427801,-2.4554108126443235
122,3.506474484263515,1.7598300218071241
123,0.516583517497017,1.0977599202045145
124,2.2909534689319395,0.8176654527182607
125,-1.208669102813478,-0.6924661825799461
126,-0.054302609626009773,-0.9717743787513249
127,-1.3825210129533845,1.9772253077170705
128,0.18536889620506408,-0.7965215813725874
129,0.3792013423802808,-2.439232767314381
130,1.7108063546201084,-0.8963362982745444
131,0.2113103103952157,-0.8146577628600482
132,-1.2625267349681366,-0.7612079215633447
133,1.6406079763353607,1.7910289243807838
134,-0.5395638857154011,-2.732470139773277
135,-2.4769281372577927,-0.54841144880368
136,-0.021628495357328248,-2.6968465960848005
137,-1.0256793219363873,-1.9875302935634735
138,2.6361033816439967,1.060025189563332
139,-0.31649649223138554,1.6188402612753672
140,2.464971390244138,-0.41373161399455494
141,0.09860125616132204,0.5206634093398778
142,-1.3111465545793497,0.96355237911338
143,-0.46774160193592595,-0.2384494902184064
144,-0.7828943911531607,-1.481797564696058
145,-1.605916734832861,0.779573476065544
146,-2.35840245487156,-0.4727494415233405
147,0.824263233872077,-1.4894689823409584
148,-0.8210929759562272,-0.44877697777430253
149,0.7280993149996359,-0.414660254424711
150,-1.1410429841397498,1.0770303811367272
151,0.4270376340983147,-3.4427972531831736
152,-0.4102368474968773,1.5515907613140882
153,2.162083583359179,2.1708145059070705
154,-0.6709644047427187,0.012456879495200341
155,-2.6277330061197905,0.7916595288694894
156,-1.2135997871162831,1.0601404575079496
157,1.7300197470544587,0.4879056413124466
158,-3.1194280307549542,0.4152773461612847
159,2.471739709287251,-0.45513717386457586
160,-0.751016303460832,-1.4650420165506877
161,2.7049123219912223,-1.6593103273301182
162,-3.3567927464760783,1.6652996318071938
163,2.2926097823572458,-1.883771786028787
164,1.9906704884687851,-2.091829635345885
165,1.4160950702353108,0.26368783257700446
166,-2.6984048712855846,1.051033397771321
167,-2.621257711622105,1.117895314453115
168,-0.7137761982394434,-1.4271902503632468
169,-1.2247676790248012,-0.7132323825043527
170,-2.244174778867577,1.3988268218579587
171,-0.2910332790898589,0.296168017823773
172,1.6069839325360435,0.09463290080454352
173,3.372268495703264,0.22220226184611078
174,-1.5004775257053014,-0.9097379007329642
175,-3.5067175988716106,1.5616365357761397
176,2.5031526787575618,-0.3601919069765217
177,-0.22613915131818413,-1.0726460731076795
178,-0.9186503444912406,-1.5843195129302656
179,1.8570149930818511,-0.8289103120288255
180,-0.677429858968008,-1.400620687152836
181,0.4038915907049823,-1.799681648599712
182,-0.7762003916937312,-1.4740506769449602
183,-1.1821030308300562,-0.3408055913851063
184,0.2772227421994159,-0.7471220983712457
185,2.429293679221707,-0.4695462948078668
186,-1.367984895235145,-0.8114607018173934
187,-1.2823831373361756,0.9844658950664291
188,1.0406546082847874,1.3947477713067016
189,-0.0646712409611718,-2.3734746062544785
190,-0.5188189990686787,-1.2826023013138266
191,-1.0750657813666893,-0.6226595771872883
192,-1.635282106088503,-1.011094706832687
193,1.738780909250865,-0.8907035788129225
194,3.043623525815785,-0.03596495807284884
195,2.3797867364378154,-0.462370944673665
196,-1.2009245482632505,0.6964941632179944
197,1.3582680065641193,-1.385193636061401
198,1.7107697934085084,0.463851512856432
199,1.2775805125695916,-1.5015270995928618
200,3.08414688038712,2.863639266625168
201,-1.9892916391883544,0.159337167825627
202,0.23122610591889853,-0.5228136241123331
203,-1.227144962819149,1.030750428884084
204,-0.620811930564184,-1.7140311562461912
205,-0.44303813536892644,-1.2207076087498274
206,2.331993480679809,-0.8225987756976734
207,-1.3006624975425896,0.9818995831163009
208,1.0715918838949974,1.4447493420299915
209,-1.2285091761701334,-0.7329405736309469
210,-1.9970732188491906,1.5233106588793808
211,2.0611682533892832,-0.6962854375302547
212,-0.15304436834467755,-1.0588273976828302
213,-2.760061075502775,0.6903150074522553
214,3.6172503257944006,0.3669796136622889
215,-1.8019862034948049,2.033977165264544
216,-0.17629030571812643,1.7144689349110984
217,-1.420420649557002,0.9084858604814214
218,1.9610145193975212,-0.7511795979349696
219,-1.3346242971459394,2.0062664237054917
220,-0.574773276653684,-1.33916181499187
221,1.3593759938834562,-1.4525838996606384
222,-1.4108205095008342,0.904961690562454
223,-0.9368496160514748,1.2122989075131287
224,1.0389748208022178,-1.6777043928270114
225,2.6679247879333627,-0.3114945843953052
226,-1.6795009216202312,0.7238635149345694
227,-1.7210506151418032,0.3077275361165763
228,2.440415683502551,-0.7080891267751483
229,-1.605210272259579,0.7801153011088786
230,-0.34542968316991557,-0.92793613375208
231,0.7223675625727339,-0.47960277858695005
232,-0.8107361735591714,-1.5032961211269285
233,-1.849656765506303,0.592490666275155
234,0.06594093100300874,0.5342271305283306
235,-1.5747063182853527,-0.6445275592033015
236,-0.7381355707623328,0.002165227767703514
237,1.8017946773407558,3.2696419497900195
238,-0.35525389251983924,1.5955021440377752
239,-1.3489224516102836,-0.46686150184609426
240,2.9611454688219756,-0.10314125751489137
241,0.6825022796951692,-0.5080002497214233
242,-1.6413954925991847,-1.0137511509687
243,2.982334613180777,1.0660413666132593
244,1.1500480889416604,-0.19121988302474596
245,2.7731041249836346,-0.28497166812971675
246,0.08020971084837708,1.8537093175262436
247,-1.180195427301989,-0.34297156050714167
248,-1.231715381894139,-0.3769689469821718
249,5.024017321423979,0.006317073792991974
250,-0.5114865696467794,0.35993742118472827
251,-1.007053385005759,2.19449888585539
252,-1.210134582792856,-0.3614335682546373
253,0.1943212573720216,1.9688228139948005
254,-0.7230811341803077,-0.029836879503012552
255,-2.3447214002581886,-0.11413244859387311
256,-2.94830870723919,0.545937534277203
257,0.05642759886305439,-2.3104857721270964
258,0.18018742285717804,-1.1798293090039438
259,-0.2797053186503351,-1.1259224074319885
260,-0.592406914621633,-1.3294603249203574
261,-2.2539450495326263,1.364914232012332
262,-1.4743154597297015,-0.896204999456139
263,2.9576772686113735,-0.08664001044778337
264,-0.8978334710245384,-0.502538314620325
265,1.9142886109914545,-0.7774356693123845
266,-1.8393878792195026,0.5939793736257213
267,1.8827669452033104,0.5464109902440883
268,-1.1731876061776585,-0.3370162342083351
269,-1.0492216861645556,1.1761949911190677
270,-1.6546984183380475,-1.0284538761062398
271,-1.033413822752567,-2.0023171053997912
272,-0.5308030393686622,1.49555722428788
273,1.1812324056642136,0.10678442211434526
274,0.8359435952997345,1.30509814850084
275,1.8051802769856484,0.5551455427567602
276,1.0797680499303546,-1.6181115001438933
277,-0.7461683790354078,-1.4585658247711735
278,-0.9368496160514748,1.2122989075131287
279,-0.2377900179911276,0.5543181901650844
280,-0.797543465175796,1.3358339347903734
281,-1.4172942687236758,-0.8447787962181781
282,-0.6715899188759067,-1.3967223580123955
283,0.8858364491153488,1.3271057365331325
284,-1.653701657731375,1.7405001396397706
285,0.9036419077541847,2.7041711084796014
286,1.3210994819977169,-2.5895525507874155
287,-0.044848385787854106,0.705939318561144
288,-1.513815319553242,0.8335176519363714
289,3.3475048867495207,0.1507921533328521
290,-2.871285330388097,0.9214902282113222
291,-2.6925284184454856,1.0648306521511886
292,0.7988354077128655,2.3580051574496914
293,-0.11254680352087576,-2.405402710888654
294,-1.4783029562633063,0.8661249811931486
295,1.2020139440155724,0.1418841288084718
296,1.4890264641938644,-1.3402139688018844
297,-1.0333395936619199,-1.9968892323865632
298,-0.6886449130806598,1.3805963466948723
299,-0.39634409056721076,-1.188524390240933
300,-0.8661784872371552,-0.13247324813023656
301,-1.8089009695042264,0.6175066238234956
302,2.737905730342741,-0.21425961063307922
303,-1.1000430144036657,1.3664500230844459
304,2.1218485982962636,0.7643386513173076
305,0.7722012493441782,-0.3933198654599549
306,-0.22000839778202647,0.5789881002076349
307,-0.47003901396932635,-2.6826315424664666
308,-2.7178342071943535,-0.7231594952485731
309,3.0814895236109927,-0.043344200599876356
310,1.8043943564934912,0.5047381346826909
311,-1.091152593110601,-0.6233845898649166
312,-2.700421895076017,1.0577605860475097
313,-1.4291943110088887,-0.8633410335975609
314,-0.320680286857333,0.2673187970593581
315,-1.6463077381550812,-1.019115389270083
316,-0.9169139399803896,1.8840368024664818
317,0.3944501037760529,-0.6676655446122113
318,-0.6424208194342843,-1.3685445452081224
319,-0.8745712290083694,-1.8690242864888715
320,1.4178742384429648,-1.4167183330875097
321,-0.558997349678312,0.051298540397310896
322,1.9875149625950552,-0.7651128533911573
323,-0.4226834719934821,-2.648053897401063
324,-0.7543614466833104,-1.4554140996708176
325,-2.1936001326236894,-0.3212406811870992
326,-1.1198342771480885,-0.3106126898685682
327,-1.3305723841180637,-0.45235234294669563
328,0.009147949781752318,-0.6635393767868829
329,0.8177405448967684,-0.4128430543881756
330,-0.10593914353688627,-0.9961208628044103
331,-1.8685070966528463,0.5765817033534855
332,0.14103299998217494,-1.2245202134337632
333,4.353452517520923,-0.5210550013639483
334,-0.6774866635764982,-1.400083611287375
335,2.128427944955123,2.137294078873445
336,2.2852334472741713,2.2315731023682472
337,1.7924490813436467,0.49122182714217766
338,1.2119024087471222,-2.6368664847906587
339,1.6524866568779564,0.1546733362574936
340,-0.8637741455695838,1.2783605913744343
341,-1.2957663533786485,0.9832015277722927
342,2.551780400654189,-1.7255139328585982
343,-1.4134691537073667,-0.8425709079708894
344,2.7949857946491354,-1.5752764789354652
345,-3.1776381414529746,2.132972645812118
346,-0.17432912670780976,-1.0423309999548138
347,0.6265062737853406,-0.5121887862878469
348,2.143479824843782,0.493356109821771
349,1.3894127162103733,0.2559978000571017
350,2.071754615364644,-0.6867145675573589
351,0.2973297826020914,0.6141440493203407
352,-2.0129497869794797,0.13959566500227388
353,0.1827834856362487,-0.78049000669054
354,2.410834132476308,-0.4966232319893295
355,1.718014997865241,-0.9162106999475617
356,-2.0820995655048575,1.4749379032818688
357,3.477399762498869,0.21644810203709194
358,-1.2218014148697578,2.428001448295093
359,-1.6615941602963418,-1.0350490457808648
360,-0.592406914621633,-1.3294603249203574
361,-0.9215132927571721,-0.5308754690083057
362,-0.2712870870231608,0.26281426281892556
363,2.3262339383659456,-0.5147660617053638
364,-0.15881314997523194,-2.443644970906457
365,1.6615012226428387,1.7765548242905798
366,-0.061496950698771896,0.3806011671276012
367,-0.6216705350143951,-1.3526300096329704
368,-1.1743357163594872,-0.6899403585425499
369,-0.7355920034721254,-0.03172408902217945
370,0.9377548488703652,1.056852200869133
371,-1.9941587856123584,0.15052366384822202
372,-1.8317196168620922,0.26828465706146554
373,0.32999550979189496,-0.4537393184536478
374,-1.2170109690198316,-0.36728808989421874
375,-0.026681591683762884,1.7940832266913491
376,-1.1965054612487993,-0.35359353557306467
377,-1.610261851288266,-0.9898730473147708
378,-0.8861982989848975,-1.554349631098007
379,-0.9141929249401379,1.4774888363267977
380,-2.35840245487156,-0.4727494415233405
381,-1.1355633716898588,-0.30220855220888376
382,-1.5428469924025723,-0.6177703183081467
383,-0.6307433238710406,1.4244381734437428
384,-0.384522103065434,1.5736353843904727
385,-1.5252564095596257,0.828081544167055
386,0.6814393016841507,-0.8430043262547646
387,2.301270093793215,2.260565959874815
388,-1.0469097362515098,1.1792745983032196
389,1.5449939930777339,0.36109590720667417
390,0.9152306219637936,-1.4316042541674048
391,0.5812681882801809,-0.5399166553796013
392,1.3302080353559054,1.5709514832119775
393,-1.3021360706512035,-0.7780865649818696
394,-1.9664244313984902,0.49945125971288573
395,-1.3376130639667327,-0.4583328704103083
396,-1.9395155276032874,0.5129763095851814
397,-1.0949541582170768,-2.0444351554958335
398,0.9768235941366012,1.3809211202531873
399,-1.8573384440241907,0.2423942617011648
400,-0.3354383627382848,0.47565212242252053
401,-1.8503905363901663,1.2908935310854646
402,-1.3534093920872603,-0.7963626094474829
403,-1.240077392307382,-0.389769300076754
404,-0.3574599653461099,-1.5090036618383083
405,-1.7207128772647264,0.6880461393916502
406,-0.9419425064556564,-0.5459631153227249
407,-1.2917267168149862,-0.4306884562175021
408,0.4092139959136328,-0.6904550466466663
409,1.588036541030239,0.09608332289512374
410,-0.668845744677382,0.004936678003223349
411,-0.13617951853719507,1.75423206392155
412,2.178310140587707,-0.6128299416473342
413,-1.367712788023687,0.919312209162114
414,3.336510947146298,3.0023350051606634
415,3.1077709263295294,1.439656858609449
416,-0.7412890267465877,-0.4299578339865433
417,-0.578567137738524,-1.3221845321201844
418,-0.7010659921241433,-1.4157001661628108
419,-1.945337048093244,0.5209952776197158
420,3.448494690707197,0.2636805360179789
421,3.6859969862938535,0.3813682585557299
422,-2.3028974300798724,-0.40245390520209207
423,4.416076399019386,0.9186904059544057
424,1.9896695167814193,0.4124064722067033
425,-2.050911728195271,0.43523394260866666
426,0.6086645961423078,-0.5509853370280993
427,4.183081092752796,2.1636590693231206
428,0.029610774603274853,-0.9480615556511676
429,-1.19955702394047,2.0564378468150117
430,0.887041451034324,-0.3461924370563583
431,-1.2047992290424325,-0.3608254463968518
432,-1.3823994514734668,0.9475173322368828
433,0.9913326401199546,-1.660534377871946
434,-1.5367453808071008,2.210985724264894
435,-0.6058897609479239,-1.3538816414414159
436,-1.0797509509183294,-1.7048280649072207
437,-0.7332512463466395,-1.4387880429276931
438,-0.17996858840043378,-1.0321547049688082
439,0.2131538112425912,-1.941759295424168
440,-1.2170109690198316,-0.36728808989421874
441,0.26305450803647956,-1.906390915894023
442,0.8158009887260341,-2.923384359253912
443,0.13863021768438638,-2.235986922099688
444,2.867842834135669,1.2694330530471087
445,-0.7982934273914137,-1.4907047211796318
446,0.03662150634564357,-0.9055235228644387
447,-0.07463146860325084,0.38823717683638886
448,0.528644555804646,-0.6113409873635636
449,-1.1010358340009103,-0.28153390703622566
450,-0.655734773289084,-0.31789017085090715
451,0.65488890356666,-0.5101624280444816
452,-2.1908242823204676,-0.36411151841823314
453,3.567302817621334,1.7071782086965206
454,0.17999848652958372,-0.8067226373993492
455,-0.18294987846588234,-1.0509895302073216
456,1.0413701174309957,1.3942804103822624
457,1.0017759327533098,-0.2676171332995083
458,0.2861913884888033,2.3107429678451115
459,-1.8280375276317598,2.0357710622403737
460,2.9576772686113735,-0.08664001044778337
461,-0.5882894576444561,-1.340092678590128
462,1.5515273686902398,0.3427358541730795
463,2.5583746549554283,2.4222038059365496
464,-2.233575388009093,1.742161022735292
465,-0.8438272169675456,-0.4782614496703716
466,-0.7115305386424222,1.3395280813197068
467,0.9254303057823984,-0.3632013065427891
468,-0.6041360828923439,-1.3372947849484476
469,-0.0722624503262147,1.7926714104977781
470,-1.508501040914982,-0.9157464156881243
471,-1.3873074281089235,-0.4961558930822367
472,0.5992381974789771,-0.5531343397414163
473,-1.9785394535403564,0.16859973526745037
474,0.1133103823939896,-0.8597710566069481
475,0.22457614320860625,-0.7761771459933726
476,-0.13842642496857122,-1.0510999467672768
477,-0.5347333320052193,-1.2917595065943308
478,-0.05537235570605878,-2.36474601245146
479,-0.47054879331948485,0.13279425804165768
480,-0.3052575669765074,-1.1442133880035434
481,0.8637606294251592,1.3367389669390617
482,2.4521462270572547,-1.7953966386422164
483,-0.31649649223138554,1.6188402612753672
484,0.3627092447285639,-0.6999931906292933
485,-0.9854600487920182,-1.6301886108801757
486,-0.9956392006938308,1.4322973160482715
487,0.7707426231958613,2.3018819236245402
488,0.29609960861575635,-2.132198767944347
489,2.053173088310268,2.072609276620651
490,-0.042419074661975587,0.40829749569794965
491,2.3946049422393663,-1.843433002023395
492,0.8046046201468725,-1.7935851342937525
493,0.2280175786203239,-2.1458019024170403
494,0.537272056979879,2.1628848210048277
495,-0.33409327524393345,1.6165216866615475
496,1.5939057237796221,-0.9890422011409354
497,-2.7008217850409015,1.0528087488388593
498,-1.4369137389350541,0.9077395723412516
499,0.5207070303838446,-1.7420247909704119
500,1.0202239377431512,-0.2987730059885081
501,-1.3823994514734668,0.9475173322368828
502,0.24990686092801925,2.2416887521801048
503,0.628019112432312,-0.5269961743352327
504,1.683574534123476,0.46302613564362893
505,0.5915190366427632,-1.6694249275689645
506,0.8899126573976116,-1.7378834646913577
507,-0.9269740535739404,1.2373068460440775
508,0.02345721609703727,0.45257974374067433
509,-0.5851433878062852,-0.2863802536691473
510,2.4357899982213818,2.336736807080797
511,-1.2039947146998793,1.033394372598912
512,2.453973592838357,0.9185978996218296
513,-1.4631190126394353,-0.894585537103668
514,-1.281614147438866,-0.4175616273559623
515,0.6949806630066976,1.202937499778279
516,3.7954855101297666,0.4620168940798343
517,-1.1174520752306942,-2.0599481193853033
518,2.46484442380801,0.9556916920768677
519,0.9018126316989313,-1.463524180817984
520,3.4916283035548465,0.2543751798819541
521,-0.6393060137384693,-1.392284539352159
522,-0.6578090115831886,-1.3820885243402685
523,1.2270174535245595,1.5363732524400833
524,1.0972005893189443,-1.3258638899876791
525,1.9758678336807747,0.5800734284269542
526,-1.0283902898998576,-0.6007969916905216
527,-1.5552665897793008,2.1889421163398977
528,0.4154451163811968,0.7205557085873422
529,-1.340575988433863,1.9989582448778818
530,-0.887804580024131,-0.4710548181421871
531,-1.2376909458382108,-0.3844551482050687
532,-1.2155021908186359,1.0358911833142201
533,-1.4398000478603314,0.8962356239587534
534,3.060100293286084,-1.3881890094492684
535,-1.1249222005698833,1.1179909381478825
536,-1.3052496119313057,-0.44062442718017386
537,-1.7968315085135311,0.6285052853102095
538,-1.8864923958338728,1.9813582050729568
539,-0.7074468280551556,-0.030039560745342246
540,3.8750232462262186,0.5205510326203273
541,-0.8215099673406296,1.2882754217778523
542,-0.7933079478648575,-1.4858649581613066
543,1.0978115674027338,2.8353809162708923
544,-0.33573563859352146,-1.1484274984071796
545,-1.2982975848606915,-0.7929828216154808
546,-1.7124613968218116,-1.0688361480573065
547,-1.9939439413186908,0.1534464913900539
548,-0.8169404896981257,-0.10311467986448505
549,-0.315808208073093,0.252910386046693
550,0.4065755042188102,-1.814897320361786
551,2.0805182385172687,-0.65386435233586
552,-2.288064779536491,1.343826553947112
553,-0.18562165902657257,0.31370941364811045
554,3.1833334449057826,0.04621864569047292
555,0.20877076657621946,-1.9523789242874001
556,2.8041206636523115,3.741692200425908
557,-0.6254083781360683,-1.3624644766849436
558,2.035577170394946,0.672754683797572
559,-0.4249140026707777,1.5731403411952483
560,0.5291241264002597,-0.5947151897478626
561,0.3551962918043873,-2.0900678013659864
562,-1.1812416528881984,1.0700061491814141
563,0.22976817438873598,0.5931013819278776
564,-2.710257364009898,1.0532655962561632
565,-0.9441821881991916,-0.15571810689237067
566,-2.55903845450131,1.1683727399843558
567,-0.18828821757626912,-1.069454696953965
568,-1.5130057462512725,-0.9183303585563747
569,-0.9645736108131013,-0.1940024670320535
570,-0.968299026027567,1.2312913251904183
571,-0.5742445517043016,-1.3209015514661122
572,2.3037097355806306,0.6123404661940677
573,-1.1828335590993644,-0.6860062579576764
574,-1.9176443733874597,-1.2302667667258864
575,-2.358713042855783,1.3135940120563674
576,-2.1157821651413293,1.4778466642867067
577,-0.7553696140357921,-0.3977749179937987
578,-1.2215392085148444,1.0131159855858773
579,-2.3761479236848304,1.3042867391625494
580,0.473509988282209,-1.7608035276808474
581,-1.5637257315837523,0.8071417791882372
582,-2.7074488044661877,1.047871283387965
583,2.7232684500936832,3.9388034265244487
584,0.2880512219199619,-0.739252622922687
585,-0.48105414256062473,1.5420010996892424
586,-0.6770202522323684,0.2554804210106333
587,-1.0260848163188565,-0.22724337843884584
588,4.144544482185402,0.7030198854034118
589,1.762960633955117,0.4773151499954381
590,-1.6717847066734572,0.7251363654330647
591,1.2056037786177705,-1.2340138790249569
592,-1.9134887590233656,0.5368570078900727
593,-0.2721621122179892,-2.5329011005211317
594,-1.4584095794443166,-0.8752962674230331
595,-0.7497863000127706,-1.4556793437011126
596,-1.6812820068600687,0.7134975446706178
597,-1.216126709831836,-0.36733570589709
598,-0.5478591087386407,1.4753631156494025
599,1.5420653776569742,0.3553659361156857
600,-0.6746713654591645,-0.3560748657068886
601,-2.2787730843470673,1.3670656944733233
602,-1.209237740989903,-0.3868746410230965
603,-2.0172344083503377,1.9005364793605617
604,-2.1541979857556695,-1.7325267999278269
605,-0.6894832917947515,-1.4068167555686049
606,2.7249382397055517,-0.22130188092099004
607,0.05519587266070708,-0.6568193299845977
608,-0.6732749568034263,1.670681405855622
609,-0.890347277359022,-1.5597091202215163
610,-2.7178342071943535,-0.7231594952485731
611,0.914233448500836,-0.08710473247650963
612,-1.1143297582367964,-0.661192598300107
613,-3.014674150097699,0.4924253312379405
614,-0.44409004899903815,2.7773786603388375
615,-2.788438524603144,2.431761581457378
616,-0.4615523469989897,-1.2727940966713869
617,-0.0037905356363425735,-0.9330338881529046
618,-0.009832152478462641,-0.6815801168857283
619,1.3320890593886854,3.041364399343539
620,-1.1103097782518843,-0.2848724295732254
621,2.409326121459347,-0.4325881414358951
622,-0.9791375369932285,-1.6276620982704588
623,0.6617564464714741,0.8994493466428646
624,0.4186895109943419,2.0706308921537318
625,-1.0118838417887364,-1.9863852200643626
626,-1.1143913006517228,-0.31093815048413787
627,1.2145894871522658,-0.17017101117897085
628,0.7522989946010875,1.2198982102719578
629,0.5291241264002597,-0.5947151897478626
630,0.49818901052331,-0.32648438981323025
631,2.0837392811680333,0.7075154490456255
632,-1.8363288067068586,-1.4869934981716726
633,1.9191130012581563,0.612028540815476
634,0.015448113731227425,-0.9166819419959933
635,1.5387441355448115,-1.3486938582430403
636,1.4535540107373188,0.03736041338770209
637,-0.384522103065434,1.5736353843904727
638,1.2458745735385754,1.542561661127102
639,1.3937887935026974,-1.435190786890497
640,-0.08869375427193815,0.3980793951316736
641,3.0185030536271937,2.7012148568724985
642,-1.218233709490525,-0.7208500947531196
643,3.038984049080896,2.7935676629458737
644,0.3822722071157686,-2.055366372455107
645,0.9639759651187757,-0.2906709770857365
646,-0.6628837479410438,1.4190797215020434
647,3.176286446905884,1.4495134112158075
648,-1.7395618120930647,0.6732995322777244
649,0.8467504758004863,-0.39248082912463383
650,-1.3703953067332313,0.9536755989054422
651,0.39371310439859925,-2.065462597959161
652,2.9503677754330075,-1.2842353185918265
653,-1.114134898492093,1.1359900750213892
654,-0.5114865696467794,0.35993742118472827
655,-0.15104782383497883,1.7396352085210236
656,-2.1792777130019454,1.0710226641516787
657,-0.8392320650467553,1.2841188090843934
658,-0.8861982989848975,-1.554349631098007
659,-0.931018904728641,2.5888898231545934
660,0.3920180194748531,-1.8132881230681794
661,-0.8580811373770122,0.12082451722162017
662,0.26091004557975506,-1.9118097981271982
663,-1.5004357732855391,0.860762954191169
664,-1.350219970023445,-0.47264694034448346
665,-0.7251022827106418,-1.4325381540557411
666,-1.1136851663649796,-0.6352951182383941
667,0.608739761362129,-0.5567341131548027
668,-1.240025554601866,0.6561844926959086
669,-0.821956743426618,2.677616220732643
670,0.592495488103699,-0.5143220294196136
671,-0.061496950698771896,0.3806011671276012
672,-1.7274391223819603,-1.0788717843036795
673,1.6298672114132378,0.1635847563736688
674,1.0240719630283226,0.041555618933000305
675,0.003450417164982844,-0.9286271351479545
676,1.014051121966932,0.02109595036431272
677,1.166585523518773,-1.5544296119539176
678,3.2620743469027036,-1.3453625324373695
679,-0.059799952512021914,0.6690544792533917
680,-1.404909593143527,0.8996241761529595
681,0.9084712683175133,1.3131109334403674
682,0.9418468663349152,-1.692100675418781
683,2.5681101693452555,1.0025065088955685
684,2.272328658737395,2.2604481454181453
685,0.8848431118723916,1.3097955817653975
686,1.0190624038646647,-1.63925234280255
687,1.189364939938042,0.1130217104038941
688,-1.3388021624614164,0.9484385164827667
689,-0.8815078777795615,0.10242177835965464
690,-2.8313719682425758,2.387365871400534
691,-1.0544283195184567,-0.5793962158230164
692,-0.01696635815828379,-0.6766001679613951
693,-2.205536166646808,-0.009270717734948183
694,0.6728592302286696,-0.23651839936556568
695,1.499526219248518,1.7522123297401915
696,1.1832171473668334,-1.513512745243369
697,-0.4944858266623289,-0.2207838677199307
698,2.148758511428432,-0.9121803872862226
699,3.716015997191835,1.8499908875138111
700,0.11341407312358315,-2.254600768635851
701,2.143479824843782,0.493356109821771
702,-0.08703020655545232,-2.3894616430973934
703,0.5161629539143,-2.0110327530247205
704,0.11755096216733829,1.9321530214472749
705,-0.10593914353688627,-0.9961208628044103
706,-0.8029910961191209,-1.4899528036134881
707,-0.09017770043733245,0.37123329429695
708,-1.1061566699139584,-0.293154870462702
709,0.33213898614192183,0.9509283114633724
710,-1.2386895471215955,1.0305913357486474
711,2.413266732188174,-0.4716770000611631
712,3.30417151111577,-1.2140618096686995
713,-1.7929900978677915,0.6323224383027488
714,1.2246739111624076,-1.5471847065170161
715,-1.9290483619479746,0.2080087843709555
716,0.7947490036124498,-0.40202505333643734
717,1.5944120486469084,-1.0065086279752962
718,-0.9075595299069412,-1.5698617715118677
719,2.7012877131666344,-0.31406787885313237
720,-0.550741574706097,-1.3390062642071394
721,-0.44303813536892644,-1.2207076087498274
722,2.866972349116149,-0.13951313681434477
723,2.498725073600232,-1.778833957483514
724,-1.8433932881797286,-0.1067926789612445
725,1.5481864539521024,1.8139195256160736
726,-1.0640392236981489,-2.0130312776964447
727,-1.9230298123175134,1.5889534212947272
728,-0.5841394597022679,-0.2883828900860618
729,-1.6314932224338488,-1.3687968548728702
730,2.528062672626072,0.42539780107873876
731,3.9753095297308727,0.597770978679478
732,0.9797570813926503,-0.31384159881894136
733,-0.8220441753323159,1.335478388928836
734,-0.9305650933641254,-1.587796325973785
735,-0.11717797981264971,1.7303378280136639
736,0.21753468724182534,0.5787833862914378
737,-2.5463853794507925,1.16646423093973
738,-2.7783180183620604,0.6696353646534527
739,-1.531381635279644,0.8241095743833282
740,2.501498363520321,-0.35042848591687303
741,2.0594995805890086,2.0989451824155116
742,-0.9219678130639835,-1.5841058106051065
743,1.35538517471027,0.2399162872324092
744,-0.6682540344109967,0.020066267505813234
745,2.453919748825429,-0.432354416568701
746,1.4891489378076412,1.7075132339430106
747,-1.0394883726854243,1.1520149917423097
748,-0.931018904728641,2.5888898231545934
749,4.188170812177092,0.7494131667993824
750,1.3116006085998713,1.5796157998241687
751,0.7610503930972697,1.220368233299003
752,-0.22072913047336162,1.667176737852752
753,0.6975046198031648,-0.5065102113195543
754,-0.48858298620603646,-1.259557798949636
755,-0.5129058250059177,-1.2792284474564442
756,-0.5945272974614669,-1.337038148346647
757,-0.9213722225890197,0.9020288833098766
758,2.371148294246029,-0.4917864576526773
759,-0.6542868778524092,0.0223591333791326
760,1.3154244347523916,0.2277035933295275
761,-0.23197842274659008,-1.0845277230623567
762,2.682666323228549,-0.3170271203183793
763,1.1160141023156211,1.4406419461972826
764,-0.31094612251816484,-1.1365279236648875
765,0.159168386232305,-0.8147291070451943
766,0.5784001652243094,-0.5379066424242771
767,2.448089463465214,-0.4443888877538593
768,-1.4453572568142867,0.48709145632656714
769,-1.5566311543509788,-0.9580309922305048
770,-2.0317673913041765,0.43627169109532604
771,-2.5064376233060885,1.2088603740967416
772,-0.9984773676705709,-0.2078116334220033
773,1.0576067089324823,1.4257491864931553
774,-1.8128596452208519,0.2939267748001892
775,0.7039296397913193,0.8899880343401287
776,1.5837760079140346,0.37588842659976207
777,-2.58060408682589,1.1500909418686331
778,-1.3861738021192385,-0.49528645289642076
779,-0.7123472449289273,-1.4213040072056324
780,-1.7069765341729444,0.6997425820884098
781,-0.8500248987098648,-1.5316868802323957
782,-2.8801514669539867,0.9177386727817605
783,1.1516407919296237,-1.5840220733718422
784,0.5070846282484363,-0.6087007295493863
785,0.2615121472256151,-2.1685967179775547
786,1.2459270712108221,1.5042795229659747
787,3.3550447751559243,0.25966804831655776
788,0.2095141393857387,-0.5416431358247875
789,-1.1103461433462785,-0.64318580169785
790,-0.8342723394479848,-0.0940672479928373
791,0.8948906076991288,-0.054457749461760976
792,0.5588702437577848,-0.5541916599669081
793,1.154183093606522,-1.5846996857852957
794,1.401469428140881,1.6282186598073725
795,-0.8655491159089566,-1.5440287389584562
796,0.25788943814796705,-0.7568692522736495
797,-2.907195940834245,2.3408251411051286
798,-1.4630095923770705,-0.8991467562578213
799,1.7164766938103857,0.48680900729181575
800,3.4588028996434375,0.2235528590146674
801,-0.9808416507998572,-0.5711518712223591
802,-0.24662065421425117,-1.0697739070228836
803,0.010361131662505851,-0.9223253559613773
804,0.15407565212920749,0.18185831139583694
805,0.6690808976482269,0.8700831640695852
806,0.405264541803443,-1.8028383145537208
807,-1.3544588791958765,-0.47430122644164346
808,1.1947345329798982,0.15067204826951186
809,0.3455002607571972,-0.7313367843917638
810,1.6267777047002878,1.8130683127340224
811,-0.7640211786810662,1.3566085611466476
812,-1.6539295658834547,-1.0237997036973912
813,0.23329084299126995,-0.5640669965841982
814,0.48271569368275297,-0.6128890985029478
815,-0.7633062687599407,-1.4648872672111442
816,3.1434013120168363,1.4185001187613415
817,-0.8247685126354799,-1.5120260459812498
818,1.3073245522421595,0.22382846979318682
819,0.4065755042188102,-1.814897320361786
820,2.8041206636523115,3.741692200425908
821,1.8709306128415553,-1.108292660099801
822,0.7525052281587974,1.639578290412995
823,-1.9552069474787048,-1.5810709016688722
824,-0.21277139692707153,3.079076245883985
825,-1.9676584310776137,0.5021338527134492
826,-0.7011976215752981,-1.7422964277824737
827,0.7561073432717235,-0.17905790498030041
828,-1.822735270399178,1.656874869501416
829,-1.8031807588328823,0.6242163381152721
830,-1.5614992369041565,-0.9556678470679782
831,0.8031841890055381,-0.4068781729611305
832,-0.6133665812678967,0.0451641331631024
833,3.1100749816934425,-1.3979233844772547
834,-0.9531015343407263,-0.16618785981806797
835,0.315011876271813,0.6677843018701757
836,-2.5787947920053607,1.1446560409264843
837,-0.3348181784737838,-1.1703689031700042
838,-1.1099581065115944,-0.2927317074145633
839,-0.8557959275186612,-1.538000087916278
840,2.1417526700370773,-0.6153196108887387
841,3.37618216776802,2.975988696699038
842,1.5171369259133918,0.3080857752915569
843,-0.20463528867482172,0.3036267931986955
844,-0.7625982813596137,-0.04170935768100981
845,-1.8845645508185753,-1.2054766719610581
846,-0.6328221399110349,0.032710324470852106
847,0.290607413550908,-0.727566377833148
848,3.7904769461063075,0.46528842055090963
849,-2.164966623620579,1.4331712382805928
850,0.8982773835092829,-0.31693306988734077
851,0.22485420605834205,0.5726391187082283
852,-0.5650548192460751,-1.3108050668346352
853,-0.6650033092396793,-0.36796626246558384
854,-2.5472687772515394,1.1740608594017345
855,2.691163852763536,-0.2281892776452218
856,-1.8427039514740402,0.5953554317586243
857,-2.226307668529152,1.3836431307413406
858,0.03983002682698433,-2.074836009034746
859,-1.3397243307156146,0.9374248514384669
860,-0.6262772672965957,0.03758478700973063
861,-0.974255426963873,1.2090134387291949
862,-0.7059474334103902,-0.027002504486273414
863,-2.3599742360206006,-0.120895227317868
864,-0.98169838821562,1.190966369952902
865,-1.6984941256752488,0.7017482292174191
866,2.4607213188572206,2.349630655747838
867,0.6042879944260278,0.8556785004671701
868,-1.864081478025514,0.5782340265995132
869,-1.8412553610458626,0.2519712119032369
870,-0.43119512835214757,1.5401618413986709
871,3.095010508039681,2.8085359934348455
872,-0.467623873282356,-1.6403813057689351
873,-0.4477836211230116,-1.2375567987222142
874,1.8262165889251534,0.5624100987354073
875,-1.8702877806944662,0.5614257406009917
876,-0.7670580197828291,-0.06413126423594502
877,-0.5883707430680541,-1.3326066690430103
878,-1.0487135551632945,-2.0020029817669656
879,-1.2908118584383526,-0.7503853630095123
880,2.5681101693452555,1.0025065088955685
881,1.8977281181957624,1.9452464238775267
882,-2.654491964922457,0.7355722601970469
883,-1.4365074421561501,-0.8621273277604604
884,-1.8929212381211635,1.599851853149554
885,1.570543523509421,0.35833651456367677
886,-0.14134860796645132,-1.0267621853063849
887,-2.576642342310411,2.5490547843012847
888,1.9931169581454748,-0.7201714032678661
889,-1.2920829787081087,-0.42152625331085364
890,2.4671268215096602,-1.8197473145529306
891,0.10526587394762965,0.486871827692138
892,-0.5449842378244827,1.4807615458956447
893,1.9218713508031628,-1.078223361432112
894,-0.2916344908943025,-1.1533617835006214
895,-0.29200558788393666,-2.550587884937166
896,2.0081115732568247,-0.6977841614914146
897,0.33698204088769057,-2.0854567549095586
898,0.6873823209734443,1.1853519033730282
899,0.15607966767860007,0.8430437611998471
900,-2.942679352968115,1.9547448345418814
901,1.9670126434347508,0.6417977042565373
902,2.5108695728952433,1.0203133565143578
903,-1.9960275630898123,1.9224624404417499
904,-1.4151981773690494,0.9193138106921093
905,0.8233141933645778,-1.5006484178076311
906,1.8825481636693946,0.5726624259886126
907,1.1504098628998114,1.483134776635475
908,-0.9195704909238283,2.5782187200378694
909,-0.4999137198208815,-1.2807317750130371
910,3.108029696148738,1.3997764420438308
911,1.7438861929401035,-0.9074008625449983
912,0.9090161551635871,1.334577125874223
913,3.8750232462262186,0.5205510326203273
914,-0.7554765088108997,-0.05874717303788474
915,2.483452904674846,0.9701087211971795
916,-1.4065498744830942,1.978422038498796
917,1.596710372361407,0.38609882404856133
918,-1.0116417431883142,-0.21819843902444638
919,-1.5584371216041413,-0.9566580363242578
920,1.0639518503222445,2.539984391403981
921,-0.3331516802856707,0.459405989230131
922,2.629630974830195,-0.288011202790152
923,2.807529947945775,1.1603066825261874
924,1.5449939930777339,0.36109590720667417
925,1.0626352368260084,-0.26203578793016047
926,1.1087940800501834,1.4715398271702613
927,-0.8841510216068835,-0.12477360370960375
928,0.6213652170437474,0.8729856204598929
929,-0.7882687238316998,-1.4806936542982354
930,1.3154244347523916,0.2277035933295275
931,-1.6789658679924075,0.7200642192780009
932,0.8534530474268325,1.2979143044831265
933,1.8902767632634623,0.2779527393797133
934,-0.19296279127986188,0.3104016649293994
935,0.9455016422676791,-1.707007221174174
936,-0.6964937958382793,0.9937912298089284
937,-0.7363737402335664,1.3444259631688862
938,3.246385389144289,-1.263461789566583
939,3.835148923592961,3.2854635119286417
940,-0.3086258469286703,-0.906531794175564
941,2.7857603496432892,-0.2177522052885709
942,0.2842599017571652,-0.752611959145101
943,-0.28963915711281496,-1.461778450166734
944,-1.5626384673114257,0.8087014650794839
945,1.2183283738575292,-1.5244709322011152
946,-1.764757070871605,0.6549920254215016
947,-1.779495937052234,1.7227131850689532
948,-0.7984865105947053,-1.8325899793047407
949,-1.8773438218736387,0.2316961755651289
950,-2.3985320977487286,1.2861029593793107
951,-1.854088083994431,-1.1821025916032537
952,0.1420015002817565,-0.8315243523372622
953,-0.2885812189164488,0.2494052802908639
954,-1.1266013786756852,-0.6303948901865237
955,0.4693628006664749,-2.0068620383800813
956,1.3330810219503713,-1.4486542998053675
957,-0.4026875366118655,0.17872949383981357
958,-1.5305174004866628,0.8313046311596504
959,-0.4484662715448813,-1.2370642366329685
960,-1.1604263005385638,-0.6759337676638382
961,-0.7554795583855765,1.3293371774789435
962,3.9027005265358716,0.5622459089890786
963,-0.6058990749863284,-1.3496791271479471
964,-0.6453378631111858,-1.3697656623257024
965,-0.9865921984182606,1.161664769791212
966,2.279153030652222,-0.5291009102055388
967,-3.408192837914732,1.62689419601798
968,-0.8984298548826468,-1.5738919275780927
969,0.6560392748475949,-1.8825604519723609
970,1.4974361252084663,1.7041433732395366
971,2.0458049864934074,-0.6685846863610998
972,2.3166918880720786,2.2474261577584658
973,-1.8433932881797286,-0.1067926789612445
974,-1.5116683127808217,-0.9254336014535247
975,0.012861744847958767,1.8319740929677282
976,-2.9254581425100588,2.3294317441858734
977,0.5013577623831571,-3.162515933349447
978,-0.12598575430992598,-2.4189033156201085
979,1.2775805125695916,-1.5015270995928618
980,3.4020277306067026,0.23094567821008802
981,0.1760512491404027,-0.7952484824258212
982,2.83298201901604,-0.20740300111090118
983,4.706067522891075,1.0407945822077858
984,1.7892082922905581,0.5211071040208118
985,-3.0951896156161376,2.196061799053453
986,5.3047570506106405,0.12335809467136162
987,-0.8082096468179364,-1.49410035807525
988,-0.5928651914195325,1.4417309891303534
989,-0.020134546633006623,0.43917898528954846
990,-0.5132227675937681,-1.604660390417231
991,-0.01696635815828379,-0.6766001679613951
992,1.854354111891346,1.9533658372826448
993,-2.6984048712855846,1.051033397771321
994,0.9099960641352381,-0.34425007399720964
995,0.32055288719300457,-2.1183796630746
996,-0.050812051472573616,3.272127020002266
997,3.528520134121338,1.7003690101176694
998,0.3487120338068558,0.3402953397206011
999,-1.8408546826054075,0.5941608468571535
1000,-0.38026917702344953,-1.206243900647236
1001,-0.24765228968049502,0.2758750212838637
1002,0.5552807998265921,-0.5702993784286425
1003,2.0594995805890086,2.0989451824155116
1004,-1.2982975848606915,-0.7929828216154808
1005,-2.0707591271806023,0.09990363875663817
1006,2.3325501508516613,3.3804397400910853
1007,-1.3533275908774696,0.9596528999182636
1008,-1.0185906199803287,-0.25023746779427153
1009,-1.6127264674819854,0.7625927076156436
1010,-1.5120990712300697,-0.9185059432344096
1011,1.216245816348894,-1.2293357690509608
1012,2.697303132158642,-0.2671740704184037
1013,-0.035290152542872766,0.7213844956186546
1014,-0.6698204053799278,-1.3908652417218523
1015,-0.16322811570263557,-0.8053246723375966
1016,-0.5930036894670718,-1.33775669744354
1017,-1.7380426605187633,0.6722872440832945
1018,-1.9969553804784077,2.5302668666206785
1019,-1.6472389721269698,0.7407683072176448
1020,-0.899799879611958,-1.5700072141714434
1021,0.2734152601399281,-0.7636873635017574
1022,-0.6966103111188605,-0.011262322699071639
1023,-1.4318303309241671,-0.5382867922089531
1024,-0.17364174869039034,-2.450808181940611
1025,-0.13298755738158335,1.7366479902433816
1026,1.8131055687569282,1.926375198099363
1027,2.5268692017236334,0.9920699895358338
1028,0.9109021452548818,1.3229591404502672
1029,-0.6770192586465135,-1.3987090084299103
1030,2.8422116365432553,-0.15647124197790932
1031,0.1120479871686531,-0.6197485407787278
1032,-2.5360308260622255,1.1794863294397802
1033,-1.8495488023832038,0.2586749701899724
1034,-0.06317783649742215,-0.9652119500694496
1035,0.0929530810898847,-0.8952711956112336
1036,0.854965335371525,-0.3527789077879274
1037,-1.4906481769751971,-0.9035056775212036
1038,1.4843055145559347,1.7363290755590224
1039,-1.6570761048445344,0.7383042899442493
1040,-1.099212902454622,-0.289280919011459
1041,-0.5800299448933666,-1.3340483247388908
1042,0.9621407341741194,-0.29657849570589234
1043,-1.2679306021973002,0.969842359162741
1044,0.5706431163561048,-0.5689541835960941
1045,2.697303132158642,-0.2671740704184037
1046,-2.2181547228992815,1.3957170506249257
1047,3.0584232330351537,-0.1117251673869113
1048,-1.1908838076057076,-2.1168476003399603
1049,-0.7569079978195596,-1.4573671899433025
1050,1.3526893629962915,0.2366874359105523
1051,-0.31016242974316105,-1.1485558397547495
1052,1.01011252093917,-1.3688501841215226
1053,1.6128442734771868,0.39527926764273924
1054,0.7663935898259675,1.2343371466546407
1055,0.3312502359708834,0.29582400210642074
1056,-0.6738196159708706,2.4142340916756884
1057,0.6222271298573596,-0.27781867520506376
1058,-0.5339604088939646,-1.6468247474952635
1059,0.26248287068791265,-0.7436205349661225
1060,-1.867600669952358,-1.190288728563108
1061,3.129574829652083,1.4308312048528433
1062,1.8448751902430214,-1.1645661511815493
1063,0.7978645816571974,-2.936850456140592
1064,1.7550169815725063,-0.8887028050859223
1065,-1.6789658679924075,0.7200642192780009
1066,0.126496541886779,1.8970479097125277
1067,-0.639063623224493,1.4131068644463334
1068,-0.5412620427229675,-1.2934280402251115
1069,0.03172802413342814,0.7392523238212234
1070,2.581961380529506,2.4209728505003905
1071,3.4104948975857696,0.2544234063263501
1072,-2.7404379685822553,1.0285216622187678
1073,-0.5957213125652754,0.05710049450121561
1074,-0.5423765804468123,-1.2903635040501893
1075,1.2811827923642414,0.18199027054970163
1076,-0.3341542151195373,-1.17958543410853
1077,2.3688732582791983,-0.4897571320859441
1078,-1.579967389178214,0.8004915822302616
1079,2.8566825443345945,1.1929238934902706
1080,0.4699870089744939,-0.6534254773145762
1081,-2.2773254977358426,-0.058523483797902884
1082,2.7001107024138107,2.6383569421224515
1083,-1.5191801454698233,0.8459513813140953
1084,1.556029340380934,0.36012408286205944
1085,3.4347646905310456,0.21205523727712103
1086,-0.9911732830962359,-0.20801615329132997
1087,0.6949806630066976,1.202937499778279
1088,-1.9941587856123584,0.15052366384822202
1089,-1.1355700129037278,-0.6409024448594305
1090,-0.37850538775692955,0.2196308494170825
1091,1.3089153456973077,-1.436559398328734
1092,1.34672143355583,0.2628843519474199
1093,-1.7942078019174852,0.636614296048563
1094,0.47534244611074566,-0.6429310307997667
1095,4.834652731523014,-0.212963520644439
1096,-0.03844797817170159,-0.9542436463398913
1097,-0.2335352749124301,-1.11489904167701
1098,-1.1626645006947571,1.0839636687818164
1099,-0.68902606229042,-1.4087886508768048
1100,2.236007799111033,0.8277969661539708
1101,-0.3448682399869654,-1.145125389793595
1102,0.20877076657621946,-1.9523789242874001
1103,0.8078337432530887,-0.3683139138430557
1104,-0.8256531643247278,-0.4309358273702833
1105,2.634398821136651,-1.6935040095975393
1106,2.147670430542693,0.7918363485717264
1107,-1.7802939904975286,0.32282250490152586
1108,3.176286446905884,1.4495134112158075
1109,-1.4413941509558905,-0.5403960303239286
1110,1.2250274425171899,2.6558431715404716
1111,-0.12906416894934924,-1.0144373604406862
1112,1.3525036396480885,-1.1625593489221608
1113,-0.6691680122354068,0.25555115110304305
1114,0.06526488194895774,-0.9136035877323478
1115,0.04064604194065058,0.4927626744451855
1116,-0.6100777182501639,-1.3575290983093171
1117,-0.5341107250964171,-1.6531964921036286
1118,-0.8361338487241715,-0.08939819625053816
1119,-0.19188970919146264,-1.0665556153015008
1120,-0.6961543855599669,-1.7850250488048232
1121,0.15530874044355863,1.5596988044800542
1122,-3.308402422149043,1.703864441889689
1123,-0.31585975763423463,-0.9059831328790879
1124,2.4344431743772668,-1.8486029314464367
1125,1.1661898187985256,-0.1508093510709437
1126,-2.2499497239416115,-0.03723717441675328
1127,-0.4841758619227743,-1.2510971112795186
1128,1.2675782421875306,2.667850363132213
1129,3.755427334892732,1.823314652449083
1130,-1.171643176615714,1.0685129517803975
1131,-1.508089905662531,-0.9202213936165882
1132,2.9109083887561074,-1.5042238143878446
1133,0.6217315100433707,-3.0736785335049523
1134,-0.15593348565747622,-1.0368013986455338
1135,-0.7891396674469161,1.313392308209553
1136,-0.5610949417650444,-1.3125583189640233
1137,-0.3327150221686545,-2.576294088190937
1138,-1.1248774974123086,-0.30373872788150086
1139,0.31961683733612534,2.3106853565899512
1140,-1.8577425368645553,0.5807731397916334
1141,-0.9446992113819546,1.2340188500608256
1142,-1.7401491147192838,1.6996019323824967
1143,0.05602138923301858,-0.8881769541732889
1144,-0.7860749769984449,-0.07015193964945816
1145,0.18920601197590467,2.216908020867736
1146,0.06936246931828277,1.8558415348274697
1147,-1.094645133349426,-1.7136383424338344
1148,2.262326192524525,2.216907479726443
1149,-0.1462306552156019,-1.0180372360477863
1150,-2.2692866820167192,-0.05685805239377821
1151,-0.9933481831671307,-0.5890179743429138
1152,0.6553291113211845,1.1372525130169167
1153,2.3424664156547417,-0.505510014616767
1154,0.5576770362743102,-0.5927033949380329
1155,-0.2546427573546157,-1.1104747252055818
1156,-1.7401491147192838,1.6996019323824967
1157,0.6592801781723336,-0.4731027033101677
1158,1.035901649248423,1.4314571154184847
1159,-0.3895482463582125,-1.2018928414675356
1160,0.29896324476955993,-0.7301577887543691
1161,-0.36590813272212597,-1.1630039692724172
1162,-3.4759621593468792,1.5712891569242746
1163,1.9907718820426126,-0.7200828832911295
1164,1.6411561787076676,0.43920280014562674
1165,0.6544135629101067,-1.6384472128506566
1166,0.26305450803647956,-1.906390915894023
1167,2.539261461434131,-0.4040768276403559
1168,-0.21730379828384616,-0.01747343590337426
1169,-1.8055940775553543,0.6187364158212139
1170,-0.2686026648566993,-1.1101491403658768
1171,-1.6116852193259616,-0.9911098672414098
1172,0.049671411259157694,-0.901611577990207
1173,-1.120011594429007,-2.0675724194389407
1174,3.470361885813822,1.6000080199955877
1175,-1.0506268115725481,1.1354884760587514
1176,-0.32954502188111795,-1.158340795404363
1177,1.701986204831472,-1.222754172059996
1178,-2.3681984238672333,-0.13852533749933388
1179,-1.2881876898230284,-0.4189742236364156
1180,-1.3584141665240743,-0.473850899377566
1181,-1.3970470405945203,-0.8325887762807849
1182,0.6175811459374545,0.8622447349505034
1183,-1.611692279052565,0.7558375318479074
1184,-1.379833659193874,-0.818080440856995
1185,3.2068804533700237,-1.34966168791868
1186,0.5460824998428377,3.594483463963454
1187,0.3184992011707247,-2.0841000768397087
1188,-0.5890344441807218,0.09648692641172392
1189,-1.344033009164947,-0.8033970851033556
1190,1.0797680499303546,-1.6181115001438933
1191,-0.31094612251816484,-1.1365279236648875
1192,1.3795141244965614,-0.01681196079017612
1193,2.004445567787606,-0.7093054596341895
1194,-0.910368592799973,2.603566399427583
1195,-1.131588982174956,-0.6455426856345732
1196,0.34921056296187414,-0.7136847669479269
1197,-0.226739521196468,-1.0736871722692656
1198,0.05642759886305439,-2.3104857721270964
1199,0.8712819064916519,1.2935883222440971
1200,0.6714177638010105,-0.4907935944250937
1201,3.177970282772885,0.056621402550245906
1202,0.241273763952754,-1.924402213225883
1203,-1.9955289477843867,1.5610900720861116
1204,-1.5507067541454154,0.8058042220540171
1205,-0.7634762155791458,1.3413637298079284
1206,-0.7262629093830546,1.3783094261474418
1207,0.38964801295426466,2.123855439029247
1208,2.304237109971431,2.2179868988900853
1209,-0.9992265830075024,-0.5617362688438536
1210,-1.8798693534948856,0.22845276080973642
1211,-0.295165412666407,0.26816183993235276
1212,-2.5224307007441844,1.1768525592692554
1213,1.3302080353559054,1.5709514832119775
1214,-1.0859694402279205,-0.27796249378679316
1215,-1.5146400352632519,-0.6048464865888512
1216,-0.7811638565852975,-1.4742284161499069
1217,2.8393804421644617,-1.5178423684792566
1218,-0.9433648936105534,-0.5233782900913062
1219,-3.0892028063844994,2.1941211851392355
1220,1.0053256843390668,-0.2768123560659185
1221,1.5698372394225029,0.39119631965548407
1222,-0.31227995944184916,-1.1546653163028444
1223,0.0015385641775647885,-0.9290918687118577
1224,-1.4847244262885655,-0.9015753179866985
1225,-0.7775134641609489,-1.8191174862889692
1226,-1.5967728291610368,0.7839735497510625
1227,0.021505220037163625,-2.3070908124525302
1228,-1.747358242601524,0.6667393780235678
1229,-1.6107766322003612,0.7733784228011633
1230,0.49668258277586225,-0.6074029043039337
1231,-1.2421484332937933,1.0428900685222868
1232,3.1242094061037533,2.837607624114132
1233,-0.7332512463466395,-1.4387880429276931
1234,-1.8362104180071452,0.26019527483443605
1235,-1.3053652861301868,-0.4327293104427589
1236,-2.0902261846559207,-0.24674780919515343
1237,0.7577221341818816,0.9872910086405149
1238,0.5521922739964402,1.1030058230897688
1239,-1.5121727687834132,0.8037130436299442
1240,-1.5234041343560194,-0.6141810477227434
1241,-2.517596086588227,1.1995765311923767
1242,-1.913546232295551,0.5453774045697706
1243,1.1420522931353398,-0.17164431823662787
1244,3.324811199470887,0.1541596351240607
1245,0.25272159781586234,0.2625959397303024
1246,1.8101127644043022,0.2600187385868291
1247,0.7063876301691439,-0.4545523913246319
1248,1.166585523518773,-1.5544296119539176
1249,-0.9239562173785412,-0.5217168759040074
1250,0.28754610064732755,-0.7361561735539526
1251,0.5165332327563885,-0.5683720075758103
1252,-1.010369091353692,-0.5654772192517188
1253,3.024759981710045,2.7020943029897557
1254,-0.5339604088939646,-1.6468247474952635
1255,3.8785496353223827,-0.8645553061376086
1256,2.5790958094165632,2.4292412028224515
1257,-1.6195560126578072,-1.0015012303459472
1258,-1.8452324702854974,0.2632918484273059
1259,4.834652731523014,-0.212963520644439
1260,-0.6429050147254687,-0.3605984641104595
1261,-1.8649816316447225,0.5718823853685919
1262,-0.33250144568435236,-1.153059887777793
1263,1.9406997868304774,0.6274233502854436
1264,2.1501949722678515,-0.6339429778110703
1265,-0.007824230482591454,0.4457172322813341
1266,-0.403898466031276,0.1911700942127486
1267,-0.7318154797205748,-0.40222440292045897
1268,-0.2673765776738756,-2.5305372561071318
1269,1.4207115230372347,-0.003360484109522905
1270,-0.09395502319166515,-0.9827199233566575
1271,-2.3670904683664435,-0.46315476888858537
1272,3.0833046138821696,-1.3892632179526818
1273,-0.17502233951636048,-1.0582642404044627
1274,2.434838106086658,2.3061036625624194
1275,3.2405459265062517,-1.3088611349681407
1276,-1.5263135296084462,-0.9285368303029091
1277,-0.06580391876033859,0.6618368159632253
1278,0.7068567698555577,-1.6240787714958775
1279,-0.12565131432824017,-2.4171952090667657
1280,0.615675120923934,-0.5061103406529686
1281,-1.3420980731945478,-0.7930582788553426
1282,4.71166972691616,1.065413706569165
1283,1.424247752109681,-1.1261299498821085
1284,0.1771750381426584,-1.969788879242124
1285,-1.3489224516102836,-0.46686150184609426
1286,-0.4625889426177141,-1.2372989659723983
1287,-1.9695497997973117,0.17781696545744957
1288,-1.8333811811558363,0.27542962740808985
1289,-1.1072834532692564,1.1364545253949518
1290,-1.6575733083969693,0.7360358692117714
1291,-0.14395846405876167,1.7527804938087896
1292,3.1315461640988294,0.011725910799455935
1293,-2.5179897763835104,-0.2489085938776558
1294,0.382849044125012,2.299496505280695
1295,3.835148923592961,3.2854635119286417
1296,0.3151206868020947,-1.866893978613611
1297,-0.6799215818148785,-1.7618333326057039
1298,2.660844178790214,-0.28671713360160656
1299,-0.5685315690350378,1.457621179725882
1300,-2.0441435499390432,1.5075323160563283
1301,3.4779204807489377,0.2766681941248988
1302,3.9589204538287284,0.6212156782893214
1303,-0.28584953683984526,1.6218774524377237
1304,0.3893776198203391,-0.6680720571515468
1305,1.7317052729834652,0.4443437349002729
1306,-1.2584142884867735,1.004140817884991
1307,-0.34991216685127163,1.627034363184734
1308,-0.03571884754435298,-0.9386505889055528
1309,-2.1937070258848754,-0.00019829840469536356
1310,-1.1143958212865297,1.0947095058240113
1311,-1.3823399688165416,-0.8189865434144967
1312,-1.4291943110088887,-0.8633410335975609
1313,-1.5952013293983387,0.782130446593635
1314,2.6083341540177383,-0.34123025514298067
1315,-1.161804112648988,1.0657526682101475
1316,0.441538593819806,2.155524188186525
1317,-1.1763376950648214,0.6848674461414088
1318,-0.8892015446945221,-1.5607174827136814
1319,1.3522268404288076,-0.07796412330340835
1320,0.358176326042402,-1.8369206112031375
1321,-0.34450698674279284,-1.160380510254096
1322,-0.1917167476859168,-0.8614320770970572
1323,1.5456263565831303,1.7596982257423261
1324,-0.7015850765788292,-1.4242272748715146
1325,-1.113603078544947,-0.6523611127625957
1326,2.099388868321327,0.4657822340455955
1327,2.0626375177314067,0.7149925245851814
1328,2.4131350498737656,0.7522967605385344
1329,-0.12194865185107284,-1.0101559160407896
1330,1.0107784365970014,1.391140451709548
1331,0.6003594298080785,-1.6614834584283373
1332,-2.0852972005960795,1.853415998050477
1333,-0.8460940226787489,-0.12084354237197795
1334,-0.6690347902896395,1.4200379648549366
1335,-0.15706856695618054,-1.0559621920753108
1336,0.3312502359708834,0.29582400210642074
1337,0.2855230276258641,-1.8965617623681092
1338,-1.3248982676985999,-0.4481457112751828
1339,-1.1061566699139584,-0.293154870462702
1340,-0.7661996340181688,-1.4634773330332966
1341,1.067386882254394,-1.3440845238183832
1342,-0.07578858399803401,1.8053540492969087
1343,2.9109083887561074,-1.5042238143878446
1344,1.3641855453638798,1.6137041767027622
1345,1.591320412717133,0.3776101488868965
1346,-1.9347966466370248,0.5264664008095004
1347,0.09098232852377514,-0.8346539324061288
1348,2.8263551190863034,-0.19606783386287066
1349,0.11127414713218975,0.5318345532779707
1350,-0.020933088741711847,-0.9373121061020102
1351,0.9377050048186885,-0.03310327192958928
1352,2.304691342074666,0.8289275870599169
1353,-2.0326177237361676,0.11260807127315665
1354,-1.7538135611677972,1.7033476560311527
1355,-0.39790380859746466,-1.2204801210455196
1356,-0.4225240862839488,-1.5843080255026902
1357,0.514176008273141,1.040752436344237
1358,1.4183085619367575,-1.3771773087711674
1359,0.4354214232627042,0.7395056534703452
1360,-0.629107039078861,0.028737091087466287
1361,-0.5840965837330911,-1.3238124776770144
1362,0.11341407312358315,-2.254600768635851
1363,0.08008547245088055,-0.8464951859626348
1364,-0.6069579421783091,0.07156304186997868
1365,-2.2953477856050095,1.3598697467697485
1366,-3.014674150097699,0.4924253312379405
1367,1.0190624038646647,-1.63925234280255
1368,0.4947190517776648,-0.6330055058925865
1369,-0.6346442690608886,0.030877351469001238
1370,-2.379949731808708,0.9268274529415976
1371,-0.32559512558826587,-1.165893574599556
1372,-0.5475605428295577,1.5129129320461356
1373,-1.1509549851162502,1.0856863103824492
1374,0.2254254091723366,-2.173773729397396
1375,-2.161442957642799,1.4500849191500078
1376,-2.3193060888398698,1.348172193083711
1377,-1.8268330852113626,0.28640330779202267
1378,-0.8522325534443347,-1.531638124854001
1379,3.992784190370549,0.6137715965141142
1380,-1.3785049944802281,0.9510848481702963
1381,-2.7404379685822553,1.0285216622187678
1382,-2.4280513388796963,1.265350116061272
1383,1.3116006085998713,1.5796157998241687
1384,-1.0238613122231233,-0.5848396567420158
1385,-1.8061643813457098,0.6153958062089464
1386,-1.5837816601051744,0.7936468713344007
1387,-1.9443838047102648,0.18884399778726968
1388,-0.7267633120734296,-1.4317798403605062
1389,-0.47309864386504696,-0.2297839667790476
1390,-0.994190488594259,-1.9600410795134138
1391,-0.23197449603355352,-2.5009177201553343
1392,1.0797680499303546,-1.6181115001438933
1393,-0.9924562147336,-0.5741081346850854
1394,-0.9422093134906142,-0.5169904613548189
1395,0.48271569368275297,-0.6128890985029478
1396,-0.45754824752442613,-1.249690967900648
1397,-0.8465205174314565,-0.12915447832869612
1398,0.10008728676970585,-0.9002511445355668
1399,-1.4482189774700398,-0.8843191646717738
1400,-1.2155021908186359,1.0358911833142201
1401,0.5264360239318164,-0.5829865854090197
1402,0.08011781199537393,-0.8759379871817214
1403,-0.9307580428346778,-1.931278248261741
1404,0.5667387793841767,-0.5525116651292479
1405,2.982334613180777,1.0660413666132593
1406,-1.4506983558485924,-0.8679304993706851
1407,2.909877465193261,-0.11357455042383482
1408,-1.0067862274989825,-0.23102278645666718
1409,-0.34883248861895294,0.22482419544581256
1410,-0.6691680122354068,0.25555115110304305
1411,-0.09369819883859604,0.6786203976934819
1412,-2.476967517384126,-0.5419094240595299
1413,-1.7348319341599505,-1.0893320388736296
1414,-3.5692761535924027,1.5139472570825612
1415,1.1473712817585187,0.10113694754340848
1416,0.9377548488703652,1.056852200869133
1417,-1.3333160338334304,0.9857427500701026
1418,0.26091004557975506,-1.9118097981271982
1419,-0.7055015187116506,-1.4238923159001977
1420,-0.6453378631111858,-1.3697656623257024
1421,-0.5061558233344328,-1.262438650593723
1422,-2.0014102545328187,0.14670404042885626
1423,0.2876048432630115,-0.5048461653681329
1424,-0.7569079978195596,-1.4573671899433025
1425,-0.17699613120934804,-2.455703412366337
1426,3.360404222760428,0.2402479321194568
1427,-2.0876288882938976,0.08449755975557029
1428,-0.2565176967121441,-1.4347790118791783
1429,-1.125553552006584,-0.6574475391608547
1430,-0.9422093134906142,-0.5169904613548189
1431,-0.758988137611679,0.19624375208222078
1432,0.706255581829728,-1.5796852266450974
1433,-0.4477836211230116,-1.2375567987222142
1434,-2.5940114414760673,1.133856518331394
1435,-1.559678771537986,-0.9518039015481765
1436,-1.848025267300487,0.5876452063792121
1437,1.752743642484916,3.254957387209213
1438,3.1267116904928454,2.779706039188501
1439,1.0129985034081548,-1.371281904849547
1440,2.277774435290127,-0.5477226649187226
1441,0.8629461586386171,-0.3720610820879976
1442,1.0595673293126415,1.4147690815938854
1443,-0.5462655353501388,1.4953110337415707
1444,-1.327863936022213,0.9656824418876944
1445,2.113227643287426,-0.6470679460151914
1446,1.852838559059867,0.5420378214470853
1447,-1.0357575216819883,-0.23117805405105735
1448,-0.14505862693432753,0.5946649497991414
1449,0.9109021452548818,1.3229591404502672
1450,0.13990558772981876,-2.23326684325183
1451,-2.7050648831679487,1.0476673953184679
1452,4.376612161237756,2.25096153093336
1453,0.9771105382448891,-1.4313223382700015
1454,-0.7439350540489545,2.7712923250553483
1455,-0.7781382487299675,1.3251685960029111
1456,-1.4065498744830942,1.978422038498796
1457,-1.949421571604157,0.5129271708552278
1458,-0.7326641119958974,-1.4402248252215646
1459,0.7502578948835315,-1.8544278308374718
1460,0.08550824757979014,-0.8909649661076633
1461,2.0594995805890086,2.0989451824155116
1462,-1.4892999741573225,-0.8965200814678611
1463,0.06741349542390712,1.852604832101083
1464,-1.7417215559144679,-1.0976644419686685
1465,-0.5231135092549483,-1.2980894890111518
1466,-1.1418286776819409,-0.31006213317260384
1467,1.2747199967854996,0.9991149733995095
1468,0.7601924107066718,-0.4503024987974104
1469,-1.4910457536374668,0.8514163675022117
1470,1.7317052729834652,0.4443437349002729
1471,-0.17678362458695873,-1.0196958986504134
1472,0.24535615826705284,-0.5035717460492162
1473,1.060533526816608,-0.24302034564539787
1474,0.22485420605834205,0.5726391187082283
1475,-0.5478591087386407,1.4753631156494025
1476,-1.9119851754239847,0.5433811315723731
1477,-0.8807807984236273,-1.553678506328206
1478,-0.05824952748596052,1.8015170520543489
1479,0.12280157290403576,0.5408207313825342
1480,1.5339160980918962,1.722396111939832
1481,-2.224842786181522,2.4469532062995967
1482,2.1127552090497894,0.43682569894788154
1483,-1.1239211973210939,1.0972748921048174
1484,-0.571663512602768,-0.2976852788987185
1485,-0.7367497504386731,-1.7994663988418411
1486,3.908684966897661,3.3096366964105632
1487,-0.8003032558128435,1.3117980470218882
1488,-0.5831043006009358,-1.3295836686417828
1489,1.8448798146424783,-0.839959375845152
1490,-0.1335372744367892,-2.4248401527831147
1491,-6.244417376022326e-05,1.8251101936845937
1492,0.11467744281776088,1.892918652710787
1493,2.1596986743609077,-0.645104015656504
1494,-1.965023796953329,1.563132989323719
1495,-0.17699613120934804,-2.455703412366337
1496,-0.1817261132032258,-1.0741476188097672
1497,-0.6689744909990902,-0.37391519263529904
1498,1.8630382681118058,0.5311493734932777
1499,2.210558572850759,-0.5773404056322498
1500,-0.7061091131983622,-0.38715391469053734
1501,-0.12176836648789624,1.7340897908577015
1502,1.9812736457268274,-0.720545054913645
1503,-0.6201143736975301,1.4071724409376622
1504,2.279153030652222,-0.5291009102055388
1505,-1.8317196168620922,0.26828465706146554
1506,1.3473425959789387,-0.07880690704897969
1507,2.5661793370603347,-0.3728353021367694
1508,-0.7153572032299663,0.22346481155110887
1509,-0.6670590741647242,0.019952071498150384
1510,0.3899714840477397,-0.6963583911162865
1511,-0.6254083781360683,-1.3624644766849436
1512,-0.524233038329843,-1.288932035282377
1513,-1.2098125759422773,-0.3717833281338359
1514,2.4155044635377836,0.9131904679163818
1515,1.4036689724315985,1.61800244125682
1516,-1.0562475952108392,-0.25081235608609426
1517,-0.578567137738524,-1.3221845321201844
1518,-1.6834185463726943,-0.720356600505673
1519,-0.6068074483339524,-0.3242036163039079
1520,0.7360146398401378,2.611027716900655
1521,-2.6465804090669383,1.0874417370875284
1522,2.9797212209872344,1.3147389369461597
1523,-1.8875977480281527,0.5587464982753549
1524,1.4562928133615864,-0.00902269243146965
1525,-1.6042983282109613,1.8289207184973388
1526,0.6535349070013007,-0.5014751215668873
1527,-1.8317196168620922,0.26828465706146554
1528,-0.7642182615884858,-1.4725544340897792
1529,-1.1391927149272298,-0.3412822483103611
1530,-1.574833697960831,-0.6395446322764478
1531,0.4374204891741555,2.3933419507036864
1532,1.348309373187698,-0.0298575567313233
1533,0.16147058819623766,0.5315750842560898
1534,-1.6732899540565214,0.7206432142687154
1535,-1.1727935339757847,2.0940931929859263
1536,2.1299318639446723,-0.670401551844028
1537,-2.7721142408640405,0.6809256107107917
1538,0.7897913966830816,-1.8238170904780064
1539,-1.4783029562633063,0.8661249811931486
1540,0.4696826745512599,-1.754593786758796
1541,0.03908192119801618,-0.6545167847589044
1542,-1.1246884502067167,2.4965311425837027
1543,-1.54445919569813,-0.9402763315004459
1544,0.30087940840319916,-2.097033023563193
1545,1.6963713919333188,-0.8952137745167863
1546,0.7329479380770564,-0.46989133935648764
1547,1.4843055145559347,1.7363290755590224
1548,0.8467504758004863,-0.39248082912463383
1549,-1.5465830398380698,-0.9421955457279863
1550,-1.7270140918721493,1.7393032219193736
1551,-0.18045547757057706,-2.4557436845403724
1552,-2.0754690761619137,-1.6828871498368607
1553,1.2881566243773734,-1.476577066186566
1554,-0.4477836211230116,-1.2375567987222142
1555,-0.9808416507998572,-0.5711518712223591
1556,-0.813791173535422,-1.498090816994777
1557,1.247047418109399,-1.472977111776553
1558,-0.4284515206662147,-1.2134396673541838
1559,-0.6203980808109003,0.036577755568868484
1560,0.8560160384322516,1.0089685892342959
1561,-0.32415664597529015,1.6437393173247123
1562,-0.7401553417660885,-0.41195939636451
1563,-1.039298559535795,0.4216541877009874
1564,2.840416969858495,1.2576889268958338
1565,-1.4906481769751971,-0.9035056775212036
1566,3.470361885813822,1.6000080199955877
1567,-0.7434939880346486,-1.4492566564778668
1568,-0.1817261132032258,-1.0741476188097672
1569,-1.4080474675851338,0.8956208007511146
1570,-2.3364145358936517,1.3202444006901224
1571,2.7076032202033318,2.5286715750899336
1572,0.5915190366427632,-1.6694249275689645
1573,-0.33189129105142084,0.24333343584462092
1574,-3.5625803566165506,1.5180665081528608
1575,1.0768896550355103,1.4482318519511288
1576,2.5772358703237677,-1.7109261924622603
1577,-1.4486543452168843,0.8937995941769055
1578,2.396998903716598,-1.82070836559087
1579,-0.5339604088939646,-1.6468247474952635
1580,-2.3964307284328097,1.2710211448457973
1581,1.161716956032374,-1.255624768773576
1582,-0.4753901336421231,-1.2681651928789883
1583,3.0412721367855924,-0.049671537949068104
1584,-1.611692279052565,0.7558375318479074
1585,1.8624633463763731,-0.8042640236515077
1586,-1.4839059611709033,0.8331004796353434
1587,-1.2584142884867735,1.004140817884991
1588,-0.8028081206537037,-0.058032436098273465
1589,-0.5985438352910369,0.05087124929197563
1590,-2.8801514669539867,0.9177386727817605
1591,-0.37130446799452177,0.2026682889451374
1592,1.1898940160879066,-0.16356305992531608
1593,-0.6014489165530743,-1.3378467401473588
1594,0.11687608891569506,-0.8634233868768586
1595,3.832775259882256,0.46011817522795334
1596,3.1809400653091884,-1.3349940215903349
1597,-2.442924501795791,1.2552495140517508
1598,-1.6966187678049862,-1.059588775848848
1599,-1.2554037903269928,-0.7209063963152818
1600,0.8918979618436434,-0.3530644361922933
1601,0.1844545829702734,0.5750559167140759
1602,0.09190896894917816,-0.8592011872995746
1603,0.26248287068791265,-0.7436205349661225
1604,1.7924490813436467,0.49122182714217766
1605,0.15497198826084063,-1.9926240451074704
1606,2.376633054348054,0.8777311327247435
1607,-0.9638197166605478,-0.20692420099692874
1608,-1.635282106088503,-1.011094706832687
1609,0.40780066956885136,-0.6867487042447933
1610,-1.7782638040912333,0.6482619833669276
1611,-0.5496364914912167,0.10478413308966782
1612,0.09098232852377514,-0.8346539324061288
1613,0.5907807457365319,-0.5856045746396892
1614,-0.8067481111824369,1.3431598380831615
1615,-0.8602885261801368,-1.5424618334625093
1616,1.0413701174309957,1.3942804103822624
1617,-1.3917956796349686,0.5416707157161869
1618,-2.132126587863423,1.467633796411081
1619,-0.14375733805001212,-1.0155596704922434
1620,-1.0921711906804306,2.4612287653263993
1621,1.5874832447135105,-2.4158770658947186
1622,-1.893288293809786,0.5545272660214391
1623,-1.5964796258129206,0.7786823202931363
1624,-0.15104782383497883,1.7396352085210236
1625,-1.3534813668661063,0.9409544023351375
1626,-1.2117007508273474,-0.69856549626289
1627,-1.87083281702439,0.5774108713652657
1628,-2.0820995655048575,1.4749379032818688
1629,0.3574130036389952,-0.7039100089055341
1630,0.6289893704022658,-1.9246451229200003
1631,1.7899725440651066,-0.8601515323116495
1632,-1.417943926688468,-0.8458576971269738
1633,-1.7296909592639127,0.6833377631750595
1634,-2.5823649549471597,1.148014632098858
1635,2.3382591248529914,0.2394723601491018
1636,-1.767918599283809,1.6887555498084998
1637,-1.829363443125267,0.6071837688328123
1638,-0.33150975117065523,1.640712707121135
1639,1.077570016170291,-2.7226192798248574
1640,0.05593159216745058,-0.8860684153097869
1641,1.528775806941203,0.35941372513252795
1642,2.3308068915457447,-1.929684069408222
1643,-2.66975313874805,2.5088525196270597
1644,-0.81844320820028,-1.507174821756045
1645,1.9895876569173512,0.6463375911756577
1646,-3.054128777056608,2.217102052791581
1647,-2.3266609602260035,1.6683008419661085
1648,-1.1056867398130417,-0.286262227664055
1649,-1.3783528212776455,0.9086694989189177
1650,0.4795186231944631,-0.6234701021433615
1651,-0.8562143655151178,1.2570135685114685
1652,3.058760030756754,1.3559066298359084
1653,-1.44451231876181,0.5106748625040631
1654,-2.435917199851306,1.2317368379666644
1655,1.0920705820933096,-1.6078050472137426
1656,-1.9157549429710699,0.2113816905285939
1657,0.009147949781752318,-0.6635393767868829
1658,-1.0008299602954156,-0.2071482358325963
1659,-0.4981566150079336,-0.2465345740707649
1660,-1.5336692937074823,-0.9354848162848215
1661,1.2145894871522658,-0.17017101117897085
1662,1.8101127644043022,0.2600187385868291
1663,1.2343877514769375,0.17835533816590252
1664,1.6288909132255431,1.7993020238482227
1665,3.451119497153456,0.20529227755649923
1666,2.409326121459347,-0.4325881414358951
1667,1.169617197810965,-0.19696922349963492
1668,-0.720856449403866,0.21794069138075
1669,-0.5778538115558443,-1.3500889229105655
1670,-1.4547005379948592,-0.5494401462627192
1671,-0.08449156261219079,-0.9949279489170744
1672,-0.6280954107425988,-1.36350918564888
1673,1.8376255009120277,1.9290680561587912
1674,-2.4716299840638265,1.2201692441931689
1675,-1.7715695180215618,-1.1170726327719225
1676,-0.8378035182377689,-1.5154910819179748
1677,-0.16938926700691315,-1.045524611470849
1678,-1.4515987769332792,-0.8710888122759115
1679,3.1623382538142755,-1.3754042376442226
1680,0.34586661591409196,2.0917432338031032
1681,0.04184387107918003,0.45826216628043537
1682,1.683574534123476,0.46302613564362893
1683,-0.3692853059941854,0.18837983623690124
1684,2.523063496126145,-1.8025543798887183
1685,-0.9168779046261124,-1.577734349187082
1686,-1.3196153958693122,-0.4451101102915524
1687,0.2590132861410368,-1.914280651653735
1688,0.8895345146022383,-1.7349799497609348
1689,-2.4894450726701476,1.2205864512362665
1690,2.4439817507271724,-0.371896087532828
1691,-0.9564490498566338,-1.9335628226064807
1692,-1.0995770798051474,3.4870919162224148
1693,0.6641339853243574,-0.5188943725224269
1694,-1.4847244262885655,-0.9015753179866985
1695,-1.3963163038505482,-0.5077104354701267
1696,-0.8074912649900803,1.299317457665258
1697,-2.0124692784244456,0.45600793716511145
1698,-0.4789680805713825,-1.2610383957682494
1699,0.2158003612075861,1.968022208501906
1700,-1.1703144632618974,1.076354563961544
1701,0.4485303799629506,-0.6356238430606278
1702,-0.1234786475147231,-1.0045068051977875
1703,5.061260277062322,1.326145308296695
1704,2.803685709431214,0.9528320267467778
1705,-1.5241950224206122,0.8354278079322146
1706,3.046579280955324,-0.03326254488518211
1707,-1.3841495292723025,-0.4993951904595851
1708,-1.2679306021973002,0.969842359162741
1709,0.12734307420491314,0.5142556121292345
1710,-1.7871715593441457,-1.1275870911496146
1711,-2.2967816555246507,1.341350759566922
1712,0.9035475689791751,-0.3406313038723291
1713,-0.9330549736246236,-1.5886898279488835
1714,4.606954140772213,1.03039166908642
1715,4.022601355025227,2.031418651814462
1716,1.6189280019153913,3.1877459942159057
1717,-0.8442521365993592,-0.12305991382362577
1718,-1.4143989113952256,-0.5233209101163858
1719,-2.2925274458427767,1.3386619621130467
1720,-1.313842435811354,-0.4440212034513156
1721,-1.1727935339757847,2.0940931929859263
1722,1.0335153507289694,-0.2714501373881594
1723,-2.3737385264514956,1.3030862657076814
1724,0.26091004557975506,-1.9118097981271982
1725,-0.5062574441745517,-1.6264487822737952
1726,1.938579534013405,2.0233338933646996
1727,-0.0414135127625756,0.45798784266013826
1728,1.6748423128520376,-1.2482320093938546
1729,-0.9213722225890197,0.9020288833098766
1730,2.6073733780453403,-0.30159792452316037
1731,0.46686972286137124,-0.6002052288137325
1732,-0.5013521956444665,-1.2620931781152709
1733,-0.6890055866402515,1.4244631048019734
1734,-1.2641104785320412,0.9781431649638825
1735,0.2606316025862253,-0.48140460272701496
1736,1.173440843301277,1.4829437482758043
1737,0.8892323394231206,-1.7474051959342998
1738,2.391579899382706,-0.4695841072342286
1739,-0.6308839443571618,0.2947842321769545
1740,1.8570149930818511,-0.8289103120288255
1741,1.1578161656094772,-1.5544779272082623
1742,4.570658100458385,0.9739575968842227
1743,0.1943212573720216,1.9688228139948005
1744,-0.18828821757626912,-1.069454696953965
1745,-1.1819505764176992,-0.3419951112087887
1746,-1.0360397403907824,2.5601804530704633
1747,-3.1776381414529746,2.132972645812118
1748,-2.393831823884265,-0.15092697268661864
1749,-1.4334437968051907,-0.8635518253718435
1750,-0.9536258028700153,-0.18415438424628902
1751,-1.5025804840629782,-0.9113507752805647
1752,0.5978484000690187,-0.5093456228459865
1753,0.3154062436646692,-0.7198693173843247
1754,-0.4583712404599386,-2.6729570815076045
1755,-0.898731906776824,1.2582269477695018
1756,0.8399355433256476,-0.38304635425876943
1757,-0.8265428837497697,-1.5133869088807876
1758,0.6777556493372461,-0.4933504647919665
1759,-1.1239089674407516,-0.2934153085426321
1760,1.0107784365970014,1.391140451709548
1761,0.4038915907049823,-1.799681648599712
1762,0.23809370628039384,-0.7562146297255989
1763,-0.2177581064060155,-2.4961111339304805
1764,0.9152306219637936,-1.4316042541674048
1765,1.3526893629962915,0.2366874359105523
1766,1.2470955894045246,1.5700625173806682
1767,-0.5119583145493628,-1.2676147036346679
1768,-2.2925274458427767,1.3386619621130467
1769,-1.1196236218090365,-0.31117692974996786
1770,0.6027911838838067,-1.6799408979945865
1771,-1.525131094866048,0.8299195822466943
1772,1.3596419580266783,-1.1273412066506874
1773,-1.3744265407026748,-0.48947036480387823
1774,-1.8714171448178574,0.23435458255227437
1775,2.072504721760799,-0.7079133614340078
1776,-0.32835118367033844,1.6294900889295498
1777,-2.369120329879853,1.270338061972575
1778,-1.708426091879381,0.3435388882028106
1779,-0.010794226796871587,-0.9526311444646971
1780,-1.5662670239034733,0.7959024430362047
1781,-1.166842627819263,2.0571413355818278
1782,-0.1856630346167807,1.731377134641592
1783,-2.5787947920053607,1.1446560409264843
1784,-1.8333811811558363,0.27542962740808985
1785,1.8723369396683553,1.9832706859001115
1786,-1.0562475952108392,-0.25081235608609426
1787,-1.9298433469602259,1.5815648897948251
1788,-1.6718970341602077,-1.0409186384296758
1789,-0.3883543596838307,0.21585130649597328
1790,-1.086262643576037,-0.2726712643288672
1791,-0.9126070415932059,2.2678205027741005
1792,-0.33150975117065523,1.640712707121135
1793,0.006470453984681768,1.848251156912116
1794,1.075900928979598,2.5259230998209854
1795,-2.0719700475867224,1.5175453351097046
1796,-1.7210506151418032,0.3077275361165763
1797,-0.9136493025299881,-0.49289425480734567
1798,-0.6201143736975301,1.4071724409376622
1799,-2.226782435273369,-0.07767831054348644
1800,-2.3447214002581886,-0.11413244859387311
1801,2.7029008940008223,-0.26071798201633334
1802,2.4165125088823345,0.8974298361747428
1803,-2.5472687772515394,1.1740608594017345
1804,-0.031123174260333675,0.38168691496869056
1805,2.470518706672704,-0.37593041774958846
1806,1.6608701037757414,1.8036658532556837
1807,1.570787169771418,-1.3039409660525934
1808,-1.876264815698668,0.5715028451694157
1809,-0.16356215442690225,1.743406608200606
1810,1.6807552799742673,0.4356059479622697
1811,-0.9138030642814359,-0.5294620492522437
1812,-2.6579418184425934,1.0936795897252627
1813,0.05914165328614897,1.886629903551511
1814,-0.8741195847768584,-1.875645605028047
1815,-2.0326177237361676,0.11260807127315665
1816,0.5479924169599166,-0.5792279345988933
1817,0.6930345722417683,1.147445188033033
1818,-0.7865958552595754,-1.4801364423457566
1819,-1.5596936794667633,2.2048530988851907
1820,1.3491027222287209,1.6101201628709265
1821,2.581921592387722,-0.3600358967419315
1822,-1.741836505852492,0.6534098679196982
1823,-1.1828446098331307,-0.3500839858601242
1824,-1.3416615401425787,0.954229335958859
1825,0.43451687743811557,-0.6730811222637985
1826,-1.2845455607199354,0.9974540827794651
1827,-1.131588982174956,-0.6455426856345732
1828,-2.4414481169060034,1.2476721982011554
1829,2.0945494487408505,-0.6494901116149774
1830,0.2792259812941602,-0.7320712145897303
1831,0.28754610064732755,-0.7361561735539526
1832,1.5967465138792765,-1.3310633540308632
1833,-1.5949761012043537,0.7680774465392193
1834,2.1103847428293134,3.5911195634847
1835,-0.24670744494484526,-2.5087333751477097
1836,0.8613700097524837,1.292083088608863
1837,-1.79387813611522,1.7003456045133996
1838,3.2918956837750986,0.2362031585518173
1839,0.4557011536124038,-1.7637202182210112
1840,0.11743973757131704,-0.8519588871927875
1841,-1.3060925007529927,-0.43517413932888066
1842,2.8892979173451567,1.287920386183546
1843,-1.880620260457229,0.5701946633505375
1844,2.24898820252945,-0.5817035818815766
1845,1.2376984859349098,1.5034846711231895
1846,1.8458389073701031,0.5633789557566538
1847,2.507218852164144,-0.6378235060545099
1848,-2.589962362681486,0.8082892628666078
1849,-0.7055487402821251,0.22939069508292953
1850,2.3271293838506932,-0.5413694902815667
1851,-0.8893881151133713,1.247973942623128
1852,0.6697793572321726,-0.4925002129934242
1853,0.6161976076287101,-3.075600218159319
1854,-0.37850538775692955,0.2196308494170825
1855,0.72620863101107,-0.45386663566965135
1856,2.8263551190863034,-0.19606783386287066
1857,-1.6810010231814079,3.157163763806184
1858,-2.614851522961525,1.120050521619744
1859,-1.1578191709582906,-0.31942291062269035
1860,-1.4520276665178322,0.8475190641923118
1861,3.599808218477194,3.111499995495178
1862,-0.24796345925895885,-2.5107128059605244
1863,1.2965103906141247,-1.4723475121012943
1864,-1.9175011792465928,0.21294561802202017
1865,-0.18923745603122077,0.3269039271478956
1866,0.12736378944890242,-2.2224181926059385
1867,-0.18104167425801249,-0.8053417736496025
1868,-0.3988663257994496,1.7985441050397237
1869,2.855622794700942,-0.16781441756417873
1870,-0.2525386490897885,1.6699253010886994
1871,1.7551740508818858,-1.199975952940406
1872,2.57740439492951,-0.391806703478941
1873,-0.2051907179183533,-1.0686133444209145
1874,0.23445170939611826,-2.156254238130817
1875,0.5690329746487952,0.835752354734085
1876,-0.08718837843923594,-0.7311831046050088
1877,-0.511624725427714,0.11376012426616304
1878,-1.412541592903901,-0.8424401529689844
1879,3.7539155577765184,-0.9489666751078136
1880,-1.2648221164829614,2.044414534320583
1881,0.2747405726983745,-0.7510435068591548
1882,2.7731041249836346,-0.28497166812971675
1883,3.5443672905902037,3.096269490492993
1884,-0.6612767358536483,-1.3891029313607672
1885,1.8985812598890068,-1.0342182887555738
1886,1.2000958975963738,0.1438969280905371
1887,0.28251910649451195,-2.1320176780644737
1888,-1.2823831373361756,0.9844658950664291
1889,2.7801467008692646,1.1925789072292077
1890,-0.8637741455695838,1.2783605913744343
1891,-1.367984895235145,-0.8114607018173934
1892,-0.20371113394982737,-0.8235991940761276
1893,1.4385304963473697,-1.0575469640713147
1894,-0.19824973938544938,-2.4721491352535523
1895,0.2711147340008122,-0.7427921556878816
1896,1.7438861929401035,-0.9074008625449983
1897,0.6116923226670401,-0.5515664190940814
1898,-1.6534716868601913,0.7361332557444258
1899,0.5288055613294962,-1.7043137289438257
1900,-0.17241094655587208,-1.0459404633997265
1901,1.4452453436526715,1.7078087335367478
1902,1.0949404842247625,1.160132406026084
1903,1.4974361252084663,1.7041433732395366
1904,2.548521893737996,0.7500054253668373
1905,-0.9195704909238283,2.5782187200378694
1906,0.5374581767511212,0.8536470337572901
1907,0.2855230276258641,-1.8965617623681092
1908,-1.11411972649149,-0.2898267372087022
1909,-0.16322811570263557,-0.8053246723375966
1910,-2.620953203995609,1.120306267294292
1911,-1.1634344177873632,-0.3309875831661571
1912,0.684764198116086,-0.4782494618711794
1913,4.278036685887863,2.2382276690336207
1914,2.6024338853162488,1.0490231340129645
1915,-0.37239389229622244,1.23205488644573
1916,-0.839937671536101,-1.5191601301483324
1917,1.6524866568779564,0.1546733362574936
1918,2.1235321219441614,-0.6603583233205488
1919,1.5627731038670138,0.34439311827275987
1920,-0.5262570782540386,-0.264747672396854
1921,-1.0834878059741608,-0.5966029145080729
1922,0.21832858815497352,-0.7641301089678809
1923,-0.8503655926280665,-1.5300610892024773
1924,-1.638540705070855,-1.0182390453794818
1925,0.7598149208238829,-0.41952764564594225
1926,-2.5944987370683275,1.1381279240902755
1927,-0.46501755132241684,0.14877992909119975
1928,-1.2354435634666923,2.3973612083961506
1929,-0.6577734939551787,-1.3781419473971273
1930,-0.7838461653062561,-1.478172714342001
1931,3.860647005159891,0.5337814765307509
1932,-1.7565632755691927,0.6609859769431261
1933,-1.3199274200177906,-0.4469461855200591
1934,1.9975748415753756,-0.7292362196418603
1935,-0.531422443825285,-1.302574980446751
1936,0.5827918830778456,2.487996645467891
1937,1.9133186257108785,-0.8060504418952144
1938,0.8207190265746956,-0.3604782817298677
1939,-2.03461831816443,0.11934786013174843
1940,-1.4910457536374668,0.8514163675022117
1941,0.3619904580127238,-0.4054088433025263
1942,0.16691393961249795,-0.8249014436193609
1943,1.8260207739065124,0.5462922501180962
1944,1.7989870576361975,1.8587745828498934
1945,0.7902792719801339,-0.12134971867994845
1946,0.5646909739126511,2.4947268685190918
1947,-1.7565695295057089,0.6643198745263876
1948,-0.1609454399490936,0.35848810609361903
1949,2.760573135579867,1.19803450860656
1950,-2.66975313874805,2.5088525196270597
1951,0.7555506104582809,-0.43891100795679616
1952,2.506124823126823,3.7869252454654556
1953,-1.4100174576008588,-0.8403590940213359
1954,-1.8834073853668554,0.2226908765249358
1955,0.2017437756860913,-2.180613950242807
1956,1.538081446837376,1.710639204209527
1957,-0.5171615436843124,1.4983261259657772
1958,-0.04700612475656535,1.813188609486217
1959,1.243161467365201,2.9368562274321017
1960,2.422691978827711,2.3721410388907835
1961,1.5070667062522458,-1.3359585143003327
1962,-0.5668712331003468,0.09549974990003475
1963,-2.369120329879853,1.270338061972575
1964,-0.20342484420884388,-1.0904992490667638
1965,-1.1136851663649796,-0.6352951182383941
1966,0.9169347759696095,-1.4835711891665158
1967,-1.9873658087816954,0.1535561626051966
1968,-0.5763415235909405,-1.3226549952712796
1969,-0.7070661743260397,-0.009555738872810762
1970,-0.6693913697051771,-1.412890924859234
1971,-0.2177581064060155,-2.4961111339304805
1972,4.288704693441392,0.7954392120044744
1973,-0.15339951713618422,-1.0094548516074608
1974,-1.4709227564191119,0.5021772533348368
1975,-1.877871966822115,0.5709960355465493
1976,-1.0200922741607947,-0.5729490160072854
1977,1.073413264335918,-1.3369948292033802
1978,-0.7254115732135241,-1.4491785151049779
1979,0.08861165850418884,-0.8678268219164562
1980,3.7355521367751288,-1.0002117103351047
1981,-0.43504168513609964,-1.2303971974904104
1982,3.2331510102960483,1.4627874078189371
1983,2.2063458830782454,1.9485291200520054
1984,-2.955398213155089,0.8632213337011243
1985,3.659959773837013,0.4819112996411941
1986,2.4461059370745155,-0.391895863230047
1987,-0.9277070477070417,1.2326656228271207
1988,0.14534777387088316,-0.8547819472572042
1989,-0.3621234571668509,0.24569499082842128
1990,-1.32671594042836,-0.4496849451794969
1991,-0.24274823612751,-2.502503306462861
1992,-0.7600719421180325,-1.4711163207446047
1993,-0.04814190476646746,-0.6994942868123568
1994,-1.8495488023832038,0.2586749701899724
1995,-0.6908050235575425,-1.4088465887110322
1996,1.0249214727381188,-0.29792825939180445
1997,0.8286140989848058,-1.7777692815604886
1998,0.6441642915481495,-1.8614746232132902
1999,-0.5580327464197916,1.4780119568291568
2000,3.146192588231084,-1.404625868485179
2001,-0.9654176284875153,-0.19290786331419899
2002,3.577379790917541,3.1401691528823767
2003,1.164341763992555,-1.3319983894085659
2004,1.8831166856944386,0.543776013246396
2005,-1.54445919569813,-0.9402763315004459
2006,0.5632462283220261,-1.6808024974550253
2007,-2.7110053306822275,1.0489177635272542
2008,-1.280567640466314,-2.180550448092563
2009,-3.628617345964412,1.4664029809245083
2010,-1.7232157255872882,0.6814814276353993
2011,-0.44753811681964506,-1.2261911408462356
2012,-1.164954416828049,-0.6843420901532107
2013,1.0050040786867056,-0.2712525886752619
2014,1.0188436628462614,-0.27950912914845893
2015,-0.6563885699146422,-1.3815797518662696
2016,-2.6925284184454856,1.0648306521511886
2017,0.8369369324632789,-2.910948216221853
2018,-0.2141572661100719,1.6884896035129282
2019,-2.0514576849032577,0.4265410634775899
2020,-0.3810551849013867,2.9953148070564484
2021,0.5899349147945845,-0.5450276752057541
2022,-0.9055622630460454,-1.5725396153345577
2023,-0.2961992326101013,1.6043591005466684
2024,0.26799894893612036,-0.7608591688754129
2025,-0.9324308610335401,1.242397446592872
2026,-0.020772009260194346,0.07067883738135701
2027,-0.21926640858765573,0.310550458263902
2028,-0.5319028915592584,-1.290895131486303
2029,1.7663202125898112,1.860880167773792
2030,0.7821047144274125,-0.1608610170389645
2031,-1.1117193111838184,1.7549232184374632
2032,-0.7197521633817324,-1.4298864590976017
2033,-0.451129031810968,-1.2247355535166493
2034,-0.23598743883027867,-1.1202635958783076
2035,-0.8537779138321407,-0.11570453505427766
2036,-0.2287353917391588,-1.0698469726388318
2037,2.9793112040602985,-0.06364613479855889
2038,0.8144535541373831,0.9674968788043812
2039,2.235264351559589,-0.564213160709577
2040,-1.600412879361365,-0.9860935043936614
2041,-0.8354830359446551,0.9384489777024563
2042,-0.7446786837967402,2.750965598725051
2043,-2.022938571712966,0.12874118257547668
2044,-2.354369972237515,1.3199733248789214
2045,-0.11566371590416152,-0.7676836304727943
2046,1.7844991997687099,-1.180242933321412
2047,1.2881566243773734,-1.476577066186566
2048,0.6444337837651013,-0.5351648266315223
2049,-1.759946793094236,1.6790470601943122
2050,-1.513815319553242,0.8335176519363714
2051,-0.862035808046065,-0.09648970110629221
2052,1.0595673293126415,1.4147690815938854
2053,-2.4676461017078304,1.234982712469731
2054,0.8467504758004863,-0.39248082912463383
2055,-0.8465698592054662,2.663964849136401
2056,0.6801310984640387,-1.5960925159852744
2057,1.432446959481651,-0.01672921852646609
2058,-0.6298560113983904,-1.3687788237443497
2059,-1.6533569487904842,0.7394147881469422
2060,-0.9310791221736348,1.2249987718484006
2061,0.5395830339582164,-0.5614357312490483
2062,-0.7865958552595754,-1.4801364423457566
2063,0.6222271298573596,-0.27781867520506376
2064,2.250313663057825,-0.588525686263593
2065,0.8408933524133831,-1.7568985102407968
2066,-0.7530472314425014,-1.4528093889157199
2067,-1.1849306023635486,1.3020708612601186
2068,-1.2516146236323176,-0.7264195912407008
2069,-1.2419749888618412,1.0318457254975881
2070,-0.6303419696632592,-1.3804740596139418
2071,-0.5285716125053987,0.10076262351733546
2072,-0.025878713715714013,-0.9541841857785818
2073,2.1596986743609077,-0.645104015656504
2074,1.005554951834787,2.7350260261175765
2075,0.528644555804646,-0.6113409873635636
2076,2.128736351502411,-0.6100606779761835
2077,1.8348059620120964,0.2805540781015794
2078,-1.1922696121782563,-0.35107063276569767
2079,-0.6541664170671646,-1.3763916058186159
2080,-0.4559434739183078,-1.6031166451041616
2081,-0.7310985971701044,0.21821441861540436
2082,-0.7960392876546447,1.3531003992575017
2083,4.749403808759799,-3.035662664884214
2084,-0.2141572661100719,1.6884896035129282
2085,-1.3428512986834058,-0.7881198657047042
2086,1.3273793766752557,1.6023141304584338
2087,-1.5786011382844365,0.4415120261894886
2088,2.812142864705668,0.9176426366374739
2089,2.1556636227059673,0.5124262961995438
2090,-1.2646997492129564,-0.7289069426656598
2091,-0.33409327524393345,1.6165216866615475
2092,-0.9474705058381694,-1.6055523177551467
2093,2.0968331958702264,0.4835639913399491
2094,0.19935687578592093,-1.9611957221672403
2095,-0.8500248987098648,-1.5316868802323957
2096,-0.15339951713618422,-1.0094548516074608
2097,1.3896670428406797,-1.355595883147839
2098,-0.22158282544800673,-1.0800386218244074
2099,2.904450676871909,1.2413179138711716
2100,-2.2467330839440263,2.7640482781453155
2101,0.962962873994337,1.3382246281633465
2102,-2.6142604671216456,1.125294135074799
2103,-1.4406135982485995,0.8902407247373847
2104,-0.11974857262939903,-1.0267587912427314
2105,-0.32705359051525207,1.6165498658288742
2106,-0.7299591199762534,-1.4396018240303288
2107,-0.25167387936585084,1.6707337012136318
2108,1.8799313796735602,0.5532361968527608
2109,-0.2730856177995787,-2.527948123936958
2110,-1.5393975002346036,0.8159295176526504
2111,-2.7763242857129486,1.002304915315645
2112,-0.40744534804264143,-1.203135301499301
2113,0.24747216842179717,-0.7879393672497368
2114,-1.8226724345660255,1.6911955186763774
2115,3.1242094061037533,2.837607624114132
2116,0.2772227421994159,-0.7471220983712457
2117,3.2645473771417257,0.10124805114754305
2118,1.0118539364019163,1.3726589503540165
2119,-3.5855083634157205,1.5014978816682698
2120,-0.1756682792427801,-2.4554108126443235
2121,2.677720086385609,1.078312786750386
2122,2.4889788575634326,-0.19543280306772393
2123,-0.8845797688411454,-1.5648663007751022
2124,3.4843977763002068,-3.929394901564661
2125,0.05835715129747654,-0.884062959856557
2126,-2.33263917286286,2.715160512910919
2127,-1.3861738021192385,-0.49528645289642076
2128,0.46173743689607055,-1.9871620820095752
2129,-1.0311709768463797,-2.0123549529455675
2130,-0.38438117723664533,-2.6124358524255467
2131,-1.551660975333865,-0.9488481456611444
2132,-0.9780932339592157,-1.9591628969958155
2133,0.3579525689085472,-1.840430916940043
2134,0.9886937593272495,1.1442730921146744
2135,2.2854274542491777,0.8641028538597355
2136,-1.7375022890835972,0.676330699983396
2137,-3.415393622430479,1.6242747301535674
2138,-1.9089430758220187,1.6258862252148398
2139,-0.457276138433237,-1.2349662112766018
2140,-1.3169241013964879,-0.7702671191905175
2141,3.0158302448509584,-0.08370038681470794
2142,-0.8947619181642663,-1.5675949302789633
2143,-2.33263917286286,2.715160512910919
2144,-1.7296909592639127,0.6833377631750595
2145,-0.6500092535073625,-1.3795903151220135
2146,-0.83441599560813,-1.8605817613754874
2147,-1.6727647493980586,0.7274330895570049
2148,0.8329801898852632,-0.373559862821649
2149,-0.537765980362976,0.11925922426834253
2150,1.1752231463527445,-0.21705669569798186
2151,-0.9643062898221977,1.2295632742258367
2152,-1.1374197453550445,1.0819866516233365
2153,1.3921027567452122,3.0313456593496273
2154,-1.470498201612531,-0.5605401199843523
2155,-1.1488000450490876,-0.3232475316682005
2156,1.570787169771418,-1.3039409660525934
2157,3.793538150569684,1.9514128644362259
2158,4.106791307982879,0.727353394582972
2159,-1.9542013142310326,0.1839273002232229
2160,0.36289813343701544,0.7325269070539091
2161,3.9883010147158156,-0.765835764433282
2162,-0.5339487567885434,1.4781930573881827
2163,0.9532819214066591,-0.31643726202149436
2164,1.4435654044901955,0.05990756109604674
2165,3.895562950048981,0.5183041464778142
2166,3.319922917746309,-1.2747212077377543
2167,-2.1355395759009457,3.200936795060585
2168,0.6124185869234828,-0.5200756442062564
2169,-1.404909593143527,0.8996241761529595
2170,-0.7581578919298962,-1.4610838541765316
2171,0.4440007941272564,-0.6444542219321896
2172,0.706255581829728,-1.5796852266450974
2173,-1.2528325638218356,-0.39940678276401526
2174,-0.3250771125094145,-1.1266077904145628
2175,1.2205134753160751,-0.1177100240731063
2176,1.2702662331085142,-0.06372938818552489
2177,3.0820289868984703,-0.0015742346682242787
2178,0.9227382086170255,1.3207143413830218
2179,-0.7802823900337121,-1.4766007437682656
2180,2.2245351272029663,0.8072253803286675
2181,-0.943735382441228,-1.927731347604794
2182,0.36956286914574943,-1.8222360593014835
2183,3.7904769461063075,0.46528842055090963
2184,1.7441757475476618,0.20959317066063912
2185,-2.5145070190690864,-0.24304394208249774
2186,0.22029000193848863,-0.5117641549140264
2187,-0.3922271617037565,1.5995306772156999
2188,-0.43256801555222013,-0.1915713739135844
2189,-1.5162853647486265,-0.9241843726202619
2190,-1.3914720334487827,-0.5111079677652333
2191,-0.21407991421674427,0.3050928265837734
2192,-2.1355395759009457,3.200936795060585
2193,0.6823513395826454,-0.4713903792175623
2194,0.2855230276258641,-1.8965617623681092
2195,-1.9340123460193865,0.17836304278211607
2196,0.71875197404275,-0.48673059084907694
2197,-2.1278703864276522,1.458864333376267
2198,-1.976749587362824,0.492112971576391
2199,-0.878135999400901,-1.8765486053588927
2200,0.3969142458598765,-2.0856525217679507
2201,1.6736163609360861,1.830701219921382
2202,-1.0012726725419758,-1.9698276146626008
2203,1.9037492899243602,0.5915356280016733
2204,-1.1191232191980744,-1.7344441827324477
2205,-2.58275201058272,1.1503306688342074
2206,-1.747358242601524,0.6667393780235678
2207,0.7360146398401378,2.611027716900655
2208,-1.87083281702439,0.5774108713652657
2209,-1.255195856276078,0.9915125071177378
2210,0.10945786019342313,-0.8557580586252205
2211,2.8268104726223098,1.2293985997771852
2212,-2.09034805014001,0.4035364499358765
2213,-2.5257240115644586,-0.5778518577267364
2214,0.26381997399209334,0.6404255836945976
2215,-1.7538135611677972,1.7033476560311527
2216,-0.5878997186571484,-0.29808938846287136
2217,-0.4054818655080462,0.19255403645975522
2218,1.6130441420145418,1.741292061725849
2219,-1.7332352259276351,-1.0889783990907331
2220,-0.9946166587704051,-0.23836819200414816
2221,0.9959342161400077,-0.04868573772599616
2222,-0.1493601449899456,-0.7779950917082419
2223,8.74677598479744,8.713817089040125
2224,-0.6424208194342843,-1.3685445452081224
2225,0.8827118991601871,-0.38914185578443156
2226,-2.224842786181522,2.4469532062995967
2227,2.8796109902683726,-1.5525999426907051
2228,-0.4222279651842351,1.5682327018628985
2229,-1.165116853942506,-0.6709667352218227
