Year_Birth,Income,Purchases,Is_Alone,Children,Is_Parent,Offers
1957,58138.0,1617,True,0,False,0
1954,46344.0,27,True,2,True,0
1965,71613.0,776,False,0,False,0
1984,26646.0,53,False,1,True,0
1981,58293.0,422,False,1,True,0
1967,62513.0,716,False,1,True,0
1971,55635.0,590,True,1,True,0
1985,33454.0,169,False,1,True,0
1974,30351.0,46,False,1,True,0
1950,5648.0,49,False,2,True,1
1983,51381.5,19,False,1,True,0
1976,7500.0,61,False,0,False,0
1959,63033.0,1102,True,0,False,0
1952,59354.0,310,True,2,True,0
1987,17323.0,46,False,0,False,0
1946,82800.0,1315,True,0,False,2
1980,41850.0,96,False,2,True,0
1946,37760.0,317,False,0,False,0
1949,76995.0,1782,False,1,True,1
1985,33812.0,133,True,1,True,0
1982,37040.0,316,False,0,False,0
1949,58607.0,972,False,1,True,1
1954,65324.0,544,False,1,True,0
1951,40689.0,444,False,1,True,0
1969,18589.0,75,True,0,False,0
1976,53359.0,257,False,2,True,0
1989,38360.0,131,False,1,True,0
1965,84618.0,1672,False,0,False,1
1989,10979.0,30,True,0,False,0
1963,38620.0,318,False,0,False,0
1970,40548.0,120,False,1,True,1
1952,46610.0,302,True,2,True,0
1946,68657.0,1196,False,0,False,0
1951,49389.0,65,True,2,True,0
1970,67353.0,913,False,1,True,0
1976,23718.0,81,False,1,True,0
1973,42429.0,67,True,1,True,0
1943,48948.0,902,True,0,False,1
1980,80011.0,1395,False,1,True,0
1985,20559.0,53,False,1,True,0
1957,21994.0,22,False,1,True,0
1959,51381.5,186,True,0,False,0
1975,7500.0,31,False,1,True,0
1976,79941.0,984,True,0,False,0
1996,7500.0,122,False,0,False,0
1968,41728.0,55,False,1,True,0
1951,51381.5,124,True,3,True,0
1954,72550.0,1319,False,2,True,0
1957,65486.0,507,True,1,True,0
1964,79143.0,1693,False,0,False,0
1977,35790.0,72,True,1,True,0
1977,82582.0,1617,True,0,False,2
1978,66373.0,606,False,2,True,0
1955,82384.0,1957,False,0,False,1
1966,70287.0,1093,True,0,False,0
1988,27938.0,29,True,1,True,0
1982,51381.5,46,True,1,True,0
1968,55954.0,518,False,1,True,0
1982,75777.0,1438,True,0,False,2
1975,66653.0,612,False,2,True,0
1952,61823.0,884,True,1,True,0
1951,67680.0,606,True,1,True,0
1948,70666.0,1076,False,0,False,0
1971,25721.0,34,False,1,True,0
1967,32474.0,11,False,2,True,0
1979,88194.0,1274,True,1,True,2
1958,69096.0,653,False,1,True,0
1970,74854.0,1562,False,3,True,0
1954,66991.0,1253,False,0,False,0
1973,51381.5,109,False,1,True,0
1959,65031.0,863,False,1,True,0
1975,60631.0,661,False,2,True,1
1952,28332.0,65,False,0,False,0
1977,40246.0,13,True,1,True,0
1972,75251.0,1890,False,0,False,0
1976,75825.0,2209,True,0,False,1
1976,26326.0,18,False,0,False,0
1965,56046.0,692,False,0,False,1
1985,29760.0,165,True,1,True,0
1969,26304.0,16,False,1,True,0
1973,23559.0,79,False,1,True,0
1963,38620.0,318,False,0,False,0
1987,81361.0,778,True,0,False,0
1960,29440.0,56,False,2,True,0
1970,36138.0,151,False,2,True,1
1957,50388.0,372,True,1,True,2
1973,79593.0,1366,False,0,False,1
1967,54178.0,194,False,1,True,0
1957,51381.5,603,False,3,True,0
1957,51381.5,18,True,2,True,0
1973,51381.5,985,False,0,False,0
1972,42394.0,32,True,1,True,0
1970,23626.0,43,False,1,True,0
1983,30096.0,45,False,1,True,0
1960,47916.0,606,True,1,True,1
1972,51813.0,63,True,2,True,0
1951,78497.0,978,False,0,False,1
1983,50150.0,410,False,0,False,0
1960,47823.0,72,True,1,True,0
1959,34554.0,55,True,1,True,0
1979,85693.0,1169,False,1,True,0
1945,65846.0,1120,False,0,False,0
1959,87195.0,1097,False,0,False,0
1979,24594.0,29,False,1,True,0
1964,49096.0,187,False,2,True,0
1969,52413.0,910,False,2,True,0
1978,38557.0,145,True,1,True,0
1960,89058.0,850,False,0,False,0
1979,77298.0,969,False,1,True,0
1991,68126.0,1820,True,0,False,1
1963,57288.0,608,False,1,True,1
1991,86037.0,730,True,0,False,2
1980,43974.0,551,False,1,True,0
1962,50785.0,114,True,2,True,0
1970,90765.0,1724,False,0,False,2
1978,36550.0,577,False,1,True,0
1967,30753.0,81,False,2,True,0
1969,21918.0,33,False,1,True,0
1953,56129.0,660,False,1,True,0
1967,32557.0,80,True,1,True,0
1985,19510.0,30,False,2,True,0
1976,30992.0,43,True,1,True,0
1983,101970.0,1135,True,0,False,3
1965,71488.0,559,False,0,False,0
1984,79607.0,1923,True,0,False,0
1953,54348.0,90,False,2,True,0
1961,51381.5,404,False,1,True,0
1956,77376.0,661,False,2,True,0
1952,62998.0,463,False,1,True,0
1958,61331.0,632,True,2,True,0
1969,73448.0,725,False,0,False,0
1963,51381.5,725,False,1,True,0
1964,41551.0,279,False,2,True,0
1967,62981.0,1482,False,0,False,1
1976,9548.0,29,True,1,True,0
1959,33762.0,106,False,3,True,0
1973,35860.0,49,True,2,True,1
1965,36921.0,38,True,2,True,0
1992,92859.0,2077,True,0,False,0
1976,65104.0,1053,False,1,True,0
1962,86111.0,1385,False,0,False,0
1974,68352.0,871,True,1,True,0
1988,41883.0,312,False,1,True,0
1976,59809.0,877,False,2,True,0
1975,23957.0,68,False,1,True,0
1981,38547.0,22,False,1,True,0
1973,35688.0,211,False,3,True,0
1966,49605.0,127,False,0,False,0
1953,59354.0,459,False,2,True,0
1969,65747.0,460,False,1,True,1
1972,46344.0,429,False,1,True,0
1988,34176.0,89,True,1,True,0
1952,61010.0,1021,False,1,True,0
1949,69372.0,1381,False,0,False,2
1958,49967.0,306,True,1,True,0
1978,60199.0,18,True,3,True,0
1977,55375.0,162,False,1,True,0
1955,80317.0,1231,True,0,False,0
1958,30523.0,13,True,3,True,0
1945,70356.0,1706,False,0,False,0
1984,23228.0,121,False,1,True,0
1975,74165.0,1293,True,0,False,0
1966,43482.0,88,False,3,True,0
1953,62551.0,421,True,0,False,1
1959,52332.0,259,True,0,False,1
1988,66951.0,1117,True,0,False,0
1957,26091.0,89,False,2,True,0
1965,33456.0,36,False,2,True,0
1982,28718.0,57,False,1,True,0
1970,50447.0,148,False,2,True,0
1959,53537.0,93,False,2,True,0
1967,52074.0,119,True,1,True,1
1975,80427.0,1835,False,1,True,0
1948,83837.0,1318,False,0,False,2
1970,38853.0,45,False,2,True,0
1959,38285.0,10,False,3,True,0
1951,78497.0,978,False,0,False,1
1976,51650.0,191,False,1,True,0
1988,16248.0,57,False,1,True,0
1946,66835.0,1033,False,0,False,0
1984,30477.0,66,False,1,True,0
1961,28249.0,43,False,0,False,0
1983,25271.0,50,False,1,True,0
1970,32303.0,39,True,1,True,0
1966,61286.0,608,False,1,True,0
1976,74068.0,1581,False,0,False,0
1964,45759.0,68,False,2,True,0
1978,24882.0,80,False,1,True,1
1989,66973.0,1282,False,0,False,0
1900,36640.0,65,True,1,True,0
1988,38872.0,91,False,1,True,0
1973,51148.0,315,False,2,True,0
1977,31353.0,31,False,2,True,0
1980,69661.0,834,False,0,False,0
1954,80067.0,1600,False,0,False,1
1954,86718.0,1270,False,0,False,0
1973,46854.0,263,True,2,True,1
1952,69142.0,535,True,1,True,1
1968,75922.0,1295,True,0,False,0
1978,63693.0,1150,True,1,True,0
1977,102160.0,1240,False,0,False,3
1965,40637.0,38,True,2,True,0
1984,18890.0,35,True,0,False,1
1988,29604.0,53,False,1,True,1
1963,48721.0,293,True,2,True,0
1966,44794.0,65,False,1,True,0
1954,64497.0,1804,True,1,True,1
1956,46097.0,241,False,1,True,0
1954,77972.0,1101,False,0,False,0
1968,44377.0,264,False,2,True,0
1974,46014.0,541,False,2,True,0
1985,70951.0,1198,False,0,False,0
1977,41443.0,482,False,1,True,0
1978,52195.0,17,True,3,True,0
1948,83790.0,1615,False,0,False,2
1954,44551.0,285,True,1,True,0
1980,69508.0,1135,False,1,True,0
1988,45204.0,114,False,1,True,0
1969,72460.0,1047,False,0,False,0
1970,77622.0,714,False,2,True,0
1980,30732.0,185,False,1,True,0
1962,63887.0,1245,True,1,True,0
1978,42011.0,189,False,1,True,0
1976,51369.0,576,False,1,True,0
1952,51537.0,1103,True,1,True,0
1972,79930.0,1753,False,0,False,0
1986,34320.0,17,False,1,True,0
1966,37070.0,433,True,2,True,0
1962,81975.0,1588,True,1,True,1
1971,38590.0,22,False,1,True,0
1951,15033.0,19,True,0,False,0
1965,62745.0,1117,False,1,True,0
1975,22212.0,69,False,1,True,0
1982,23661.0,23,False,1,True,0
1958,79761.0,605,True,1,True,0
1973,7500.0,57,True,1,True,0
1893,60182.0,22,True,1,True,0
1968,73455.0,2088,True,0,False,1
1958,64961.0,1009,False,1,True,0
1971,22804.0,26,True,1,True,0
1990,73687.0,1627,False,0,False,1
1958,61074.0,1102,False,1,True,0
1964,31686.0,17,False,2,True,0
1972,80134.0,1690,False,1,True,3
1953,75027.0,1390,False,1,True,0
1988,67546.0,2126,False,0,False,0
1969,65176.0,1531,False,1,True,0
1975,31160.0,64,True,1,True,0
1985,29938.0,26,True,1,True,0
1974,102692.0,1112,True,0,False,4
1958,26490.0,210,False,0,False,0
1967,75702.0,1148,False,2,True,0
1974,30899.0,33,True,1,True,0
1961,63342.0,1101,False,1,True,1
1964,45989.0,322,True,1,True,0
1964,18701.0,44,True,2,True,0
1957,40737.0,17,True,3,True,0
1979,15287.0,31,True,1,True,1
1968,69674.0,845,True,2,True,0
1970,44159.0,275,False,1,True,0
1978,37717.0,25,False,1,True,0
1952,43776.0,275,False,2,True,0
1966,38179.0,90,False,2,True,0
1963,80124.0,1495,False,0,False,1
1970,38097.0,184,False,2,True,1
1970,72940.0,981,False,0,False,0
1970,22070.0,67,False,1,True,0
1953,69267.0,1635,True,0,False,0
1983,31788.0,60,True,1,True,0
1975,61905.0,231,False,1,True,0
1960,29315.0,48,False,2,True,0
1963,33378.0,99,True,2,True,0
1963,66313.0,770,False,1,True,0
1956,60714.0,957,True,0,False,0
1981,77882.0,818,False,0,False,0
1986,69867.0,925,True,0,False,1
1968,63841.0,908,True,1,True,0
1981,24480.0,102,False,1,True,0
1976,51369.0,576,False,1,True,0
1946,37760.0,317,False,0,False,0
1974,65640.0,461,False,1,True,0
1975,44319.0,37,False,2,True,0
1974,30631.0,70,False,1,True,0
1952,75278.0,930,False,0,False,0
1956,50898.0,859,False,2,True,0
1966,79946.0,1478,True,0,False,0
1949,35416.0,390,True,0,False,0
1984,32414.0,52,False,0,False,1
1969,38361.0,137,False,1,True,0
1980,82497.0,1919,False,0,False,1
1971,16626.0,68,False,2,True,0
1965,29672.0,25,False,2,True,0
1952,55951.0,1374,False,1,True,2
1988,35388.0,32,True,1,True,0
1986,42386.0,100,False,1,True,0
1982,68627.0,825,True,0,False,0
1965,57912.0,916,True,1,True,1
1958,35246.0,62,True,2,True,0
1956,58821.0,728,False,1,True,0
1978,46377.0,90,False,1,True,0
1988,39747.0,273,True,1,True,0
1984,23976.0,66,False,1,True,0
1961,80950.0,1213,False,0,False,1
1966,27038.0,107,True,0,False,0
1947,77457.0,1157,True,0,False,1
1964,64100.0,546,False,1,True,1
1992,42670.0,241,False,0,False,0
1976,12571.0,53,True,1,True,0
1967,22574.0,37,False,3,True,0
1989,51381.5,1611,False,0,False,2
1976,70893.0,1508,True,0,False,0
1966,54198.0,235,False,2,True,0
1956,28839.0,32,False,2,True,0
1972,40321.0,102,False,2,True,0
1985,66503.0,401,True,1,True,0
1951,30833.0,28,False,2,True,0
1970,51381.5,1052,True,3,True,2
1971,64795.0,680,False,1,True,0
1974,34421.0,30,False,1,True,0
1965,47025.0,20,True,2,True,0
1961,64325.0,1307,True,1,True,0
1953,40464.0,630,True,1,True,0
1957,62187.0,1283,False,0,False,0
1976,14849.0,65,True,1,True,0
1984,27255.0,37,False,1,True,0
1950,54432.0,38,False,3,True,0
1986,29999.0,160,True,1,True,0
1983,24072.0,23,True,1,True,0
1989,33996.0,71,True,0,False,0
1956,66334.0,1161,False,1,True,0
1971,35178.0,59,False,1,True,1
1983,22010.0,33,False,1,True,0
1960,62204.0,946,True,2,True,0
1968,75693.0,1442,True,0,False,3
1972,30675.0,62,False,1,True,0
1965,83003.0,1674,False,0,False,1
1899,83532.0,1853,False,0,False,1
1988,68655.0,1538,True,0,False,0
1986,41411.0,139,True,0,False,0
1969,55212.0,1182,False,1,True,2
1950,59292.0,507,False,1,True,0
1973,27190.0,18,False,1,True,1
1952,82623.0,940,True,0,False,0
1965,44300.0,42,False,2,True,0
1970,84835.0,1190,True,0,False,0
1971,30372.0,44,True,2,True,0
1976,33181.0,16,False,1,True,1
1957,71113.0,835,False,1,True,0
1986,71952.0,1443,False,1,True,2
1966,69759.0,1029,True,0,False,0
1974,72099.0,1188,False,0,False,0
1976,60000.0,1277,True,1,True,0
1978,38643.0,49,True,2,True,0
1955,50737.0,99,False,1,True,1
1969,68462.0,1670,False,0,False,0
1943,65073.0,900,False,0,False,0
1948,46681.0,425,False,2,True,0
1957,78618.0,2153,False,0,False,1
1969,62187.0,636,True,1,True,0
1978,28442.0,57,False,2,True,0
1978,37717.0,25,False,1,True,0
1967,51479.0,494,False,2,True,0
1969,54803.0,693,True,1,True,0
1960,79530.0,1348,False,0,False,0
1976,31615.0,51,True,1,True,0
1962,72025.0,1932,False,0,False,0
1975,52614.0,990,True,1,True,0
1984,35684.0,30,False,1,True,0
1975,48178.0,254,False,2,True,0
1970,29548.0,29,True,1,True,1
1966,63810.0,1371,True,1,True,1
1972,38578.0,73,True,2,True,0
1975,46098.0,120,True,2,True,0
1970,22585.0,81,True,0,False,1
1989,30279.0,37,True,1,True,0
1961,66426.0,1377,False,1,True,0
1969,30822.0,51,True,1,True,0
1969,33581.0,17,False,2,True,0
1985,19986.0,22,False,1,True,0
1954,27421.0,324,True,0,False,0
1973,35688.0,211,False,3,True,0
1981,36143.0,19,True,1,True,0
1971,10245.0,41,True,1,True,0
1968,43795.0,492,False,1,True,1
1960,63381.0,1005,False,1,True,0
1949,38823.0,114,False,1,True,0
1968,83664.0,1173,True,2,True,0
1979,90300.0,1738,False,0,False,1
1979,62499.0,222,False,1,True,0
1993,74293.0,1127,True,0,False,0
1946,51012.0,209,False,0,False,0
1968,70777.0,787,False,1,True,0
1991,68682.0,1598,False,0,False,0
1971,43824.0,186,False,2,True,0
1984,15345.0,47,False,1,True,0
1987,23442.0,27,True,1,True,0
1980,14515.0,96,False,1,True,0
1956,31395.0,64,True,2,True,0
1965,75276.0,1040,False,0,False,0
1974,42373.0,163,True,2,True,0
1960,30507.0,343,False,0,False,0
1955,55521.0,446,True,3,True,1
1965,48006.0,41,False,2,True,0
1972,27213.0,70,True,1,True,0
1971,65808.0,272,True,2,True,0
1974,30351.0,46,False,1,True,0
1963,50437.0,490,False,2,True,0
1982,23616.0,79,True,1,True,0
1976,53858.0,915,False,1,True,0
1955,66465.0,1485,False,1,True,1
1987,46923.0,369,True,1,True,0
1962,75072.0,1073,False,1,True,0
1943,75865.0,1242,False,0,False,0
1975,19789.0,78,False,1,True,1
1994,80134.0,1378,False,0,False,4
1981,91065.0,1474,True,0,False,2
1971,49505.0,751,False,2,True,0
1973,37401.0,48,False,1,True,0
1983,30096.0,45,False,1,True,0
1982,18492.0,10,False,1,True,0
1974,82584.0,1435,False,0,False,2
1941,93027.0,2119,False,0,False,1
1953,48686.0,20,False,3,True,0
1986,92910.0,1795,False,0,False,3
1989,75433.0,1188,False,1,True,2
1989,10404.0,43,False,1,True,0
1968,61314.0,1008,False,1,True,0
1961,84865.0,1688,True,0,False,4
1989,42387.0,684,False,1,True,0
1967,67309.0,1082,False,2,True,0
1964,75236.0,1068,False,1,True,0
1970,30015.0,57,True,1,True,0
1956,50943.0,46,False,1,True,0
1966,67272.0,733,True,1,True,0
1949,51529.0,467,True,1,True,0
1971,32011.0,122,False,1,True,0
1986,7500.0,36,False,1,True,0
1989,28691.0,34,False,1,True,0
1948,56223.0,156,False,1,True,0
1946,18100.0,14,False,0,False,0
1989,30279.0,37,True,1,True,0
1974,20130.0,34,False,0,False,0
1959,23295.0,20,True,0,False,0
1972,42618.0,192,True,1,True,0
1964,81246.0,1379,True,0,False,2
1976,24027.0,48,False,1,True,0
1953,55707.0,428,False,1,True,0
1955,57959.0,868,True,1,True,0
1969,56796.0,1001,False,1,True,0
1971,36230.0,59,True,1,True,0
1980,70829.0,431,False,2,True,0
1976,65991.0,971,False,1,True,0
1972,38988.0,348,False,3,True,0
1966,89572.0,2059,True,0,False,2
1984,42207.0,265,False,1,True,1
1952,50300.0,270,False,1,True,0
1982,66664.0,1289,False,0,False,0
1964,60597.0,893,False,1,True,1
1949,70165.0,926,True,0,False,0
1958,50520.0,135,True,1,True,0
1963,80124.0,1495,False,0,False,1
1975,33183.0,120,False,1,True,0
1969,66582.0,1288,True,0,False,0
1955,75261.0,1743,False,0,False,2
1970,31880.0,15,True,1,True,0
1951,53790.0,542,False,2,True,0
1971,49269.0,890,False,1,True,0
1975,61456.0,1388,False,1,True,0
1980,37406.0,17,False,1,True,0
1981,56937.0,906,False,1,True,1
1978,38415.0,44,False,2,True,0
1988,20518.0,25,True,1,True,0
1956,62503.0,973,False,1,True,0
1972,41644.0,31,True,2,True,0
1977,55842.0,518,False,1,True,0
1972,62010.0,530,False,1,True,0
1977,41124.0,506,False,1,True,0
1973,38961.0,70,False,1,True,0
1972,37760.0,54,True,1,True,0
1974,32233.0,296,True,1,True,1
1975,43057.0,266,False,1,True,0
1960,83151.0,747,False,0,False,0
1964,78825.0,895,True,0,False,0
1976,65104.0,1053,False,1,True,0
1974,60093.0,735,False,1,True,0
1969,14045.0,20,False,1,True,0
1952,28457.0,205,True,0,False,0
1958,78952.0,2092,False,1,True,0
1976,46310.0,309,True,1,True,0
1955,76005.0,1722,False,0,False,1
1964,58308.0,900,True,1,True,0
1944,55614.0,682,True,0,False,1
1962,59432.0,663,True,1,True,0
1978,55563.0,43,True,1,True,0
1971,78642.0,1816,False,1,True,0
1949,67911.0,976,False,1,True,0
1944,65275.0,746,False,0,False,0
1950,27203.0,64,False,2,True,0
1961,48330.0,32,False,1,True,0
1990,24279.0,263,False,0,False,0
1985,64355.0,1445,False,1,True,0
1956,50943.0,46,False,1,True,0
1953,53653.0,1210,True,0,False,0
1976,65665.0,945,False,1,True,0
1989,81217.0,1157,True,0,False,0
1992,34935.0,137,False,0,False,0
1959,61250.0,730,True,1,True,0
1981,39665.0,216,False,1,True,1
1979,60152.0,943,True,1,True,0
1964,48920.0,347,False,2,True,1
1959,89120.0,1924,False,0,False,1
1946,44124.0,397,False,1,True,0
1975,81169.0,2089,True,0,False,0
1961,36443.0,138,False,2,True,0
1990,26095.0,42,True,1,True,0
1959,71367.0,777,False,0,False,0
1944,80184.0,1902,False,0,False,2
1965,30630.0,52,True,2,True,0
1987,73454.0,1651,True,0,False,1
1991,42691.0,358,False,0,False,0
1953,70503.0,1727,False,0,False,2
1987,25545.0,210,False,1,True,0
1986,32880.0,42,False,1,True,0
1958,77863.0,1291,False,0,False,0
1977,50353.0,442,False,0,False,0
1964,61839.0,1895,True,0,False,0
1960,49154.0,411,False,2,True,0
1975,47682.0,521,True,1,True,0
1969,72679.0,1168,True,1,True,0
1977,57954.0,493,False,2,True,1
1962,65316.0,260,False,2,True,0
1982,28567.0,46,True,1,True,0
1951,47352.0,319,False,1,True,0
1967,44931.0,96,False,1,True,0
1967,76982.0,1062,True,0,False,1
1952,57247.0,232,False,1,True,0
1981,22944.0,76,True,1,True,0
1977,25315.0,54,False,1,True,0
1969,43638.0,201,True,1,True,0
1984,42710.0,406,True,1,True,0
1982,84169.0,1919,False,0,False,2
1976,54058.0,662,False,1,True,0
1990,24683.0,41,False,1,True,0
1964,85620.0,1600,True,0,False,0
1980,47850.0,134,False,1,True,0
1968,19514.0,69,False,2,True,1
1973,27159.0,21,False,2,True,0
1963,39548.0,54,True,2,True,0
1989,21474.0,91,True,1,True,1
1971,60504.0,526,True,1,True,0
1963,22419.0,162,False,0,False,0
1949,81698.0,1008,False,0,False,0
1952,43462.0,240,False,2,True,0
1978,54880.0,795,True,1,True,0
1982,79908.0,1772,False,0,False,1
1970,15315.0,64,False,0,False,0
1959,87771.0,1957,False,1,True,4
1978,33039.0,78,False,1,True,0
1980,81741.0,1572,True,0,False,0
1971,71499.0,795,False,1,True,0
1970,62466.0,889,False,1,True,0
1963,48799.0,331,True,1,True,0
1950,52157.0,265,False,1,True,0
1962,66565.0,1065,True,1,True,0
1951,29298.0,11,False,2,True,0
1979,47691.0,21,True,1,True,0
1970,38200.0,17,False,2,True,0
1974,44989.0,369,False,1,True,0
1968,38443.0,38,False,2,True,0
1978,38593.0,177,True,1,True,0
1970,64413.0,279,False,1,True,0
1981,36959.0,62,False,1,True,0
1977,61996.0,1230,False,1,True,3
1968,51287.0,182,False,2,True,0
1970,13260.0,49,False,2,True,0
1966,47472.0,75,False,2,True,0
1956,54603.0,227,False,2,True,0
1974,45207.0,215,False,2,True,1
1951,40689.0,444,False,1,True,0
1967,47821.0,47,False,2,True,0
1951,27450.0,143,False,0,False,0
1983,39453.0,55,False,1,True,0
1971,26850.0,63,False,2,True,0
1955,79800.0,1867,True,0,False,3
1961,61794.0,611,False,1,True,0
1955,53863.0,473,False,1,True,1
1959,24221.0,55,False,0,False,0
1984,39684.0,81,True,1,True,0
1975,92163.0,2086,False,0,False,2
1965,69882.0,1478,True,0,False,0
1977,33178.0,49,False,1,True,0
1972,59973.0,382,False,0,False,0
1975,17459.0,69,False,1,True,0
1969,23910.0,67,True,1,True,0
1969,42169.0,30,False,2,True,0
1978,26224.0,63,False,1,True,0
1981,31089.0,79,False,1,True,0
1961,30081.0,42,True,1,True,0
1960,62807.0,819,False,1,True,0
1955,72906.0,1151,True,0,False,0
1948,61467.0,594,False,2,True,0
1966,49618.0,129,False,2,True,0
1986,21888.0,213,True,1,True,0
1973,42429.0,67,True,1,True,0
1956,26150.0,28,True,3,True,0
1975,30801.0,45,False,1,True,0
1965,81168.0,1193,False,0,False,1
1969,26877.0,268,True,0,False,0
1944,45006.0,266,True,0,False,0
1973,18978.0,37,False,1,True,0
1967,22574.0,37,False,3,True,0
1969,48240.0,882,True,0,False,0
1974,45837.0,373,False,2,True,0
1965,35791.0,35,True,3,True,0
1976,162397.0,107,False,2,True,0
1978,54162.0,42,True,2,True,0
1960,30522.0,326,False,1,True,0
1961,54456.0,404,False,1,True,0
1971,31632.0,95,True,0,False,0
1949,72298.0,939,True,0,False,2
1978,36975.0,33,True,1,True,0
1955,72635.0,981,False,0,False,1
1976,13624.0,36,False,1,True,0
1975,84196.0,1237,True,1,True,0
1960,70971.0,1825,False,1,True,0
1977,34487.0,103,True,2,True,0
1977,28769.0,191,True,1,True,0
1970,69084.0,1586,False,1,True,0
1958,65488.0,963,False,0,False,0
1970,62466.0,889,False,1,True,0
1960,32218.0,93,True,0,False,1
1973,83917.0,1587,True,0,False,0
1962,46102.0,16,True,3,True,0
1952,84574.0,1375,True,0,False,0
1962,56181.0,393,False,1,True,0
1950,63120.0,1477,True,1,True,0
1971,73691.0,1179,False,1,True,1
1960,63381.0,1005,False,1,True,0
1948,76140.0,1348,False,0,False,0
1959,62859.0,1307,True,1,True,0
1964,45906.0,486,True,1,True,1
1947,77632.0,2252,False,0,False,2
1971,46463.0,235,False,2,True,0
1970,105471.0,1724,False,0,False,2
1970,55282.0,235,True,1,True,0
1977,78710.0,1092,False,1,True,0
1958,66886.0,599,False,1,True,0
1960,98777.0,2008,True,0,False,1
1985,29103.0,48,False,1,True,0
1974,67445.0,1174,False,1,True,0
1950,50616.0,67,False,1,True,0
1955,49431.0,365,True,1,True,0
1975,153924.0,6,True,0,False,0
1953,61278.0,165,False,1,True,0
1958,26490.0,210,False,0,False,0
1947,73059.0,1095,False,1,True,0
1966,46734.0,223,True,3,True,1
1963,56253.0,597,False,1,True,0
1985,19986.0,22,False,1,True,0
1975,58330.0,1064,True,1,True,0
1980,25965.0,74,False,0,False,0
1956,14661.0,26,False,0,False,0
1959,18690.0,60,False,0,False,0
1974,45068.0,20,False,1,True,0
1987,21063.0,59,True,1,True,0
1968,29187.0,34,False,1,True,0
1971,54690.0,198,False,2,True,0
1964,59304.0,1048,False,1,True,0
1962,59247.0,574,True,2,True,0
1970,66731.0,1029,True,1,True,0
1980,77353.0,670,False,1,True,0
1975,52614.0,990,True,1,True,0
1974,26751.0,11,False,2,True,0
1963,81300.0,1241,False,1,True,1
1979,70337.0,576,True,0,False,0
1985,36145.0,172,False,1,True,1
1980,65295.0,664,True,0,False,0
1963,68118.0,928,True,1,True,0
1967,68743.0,2074,True,0,False,0
1982,41039.0,467,False,0,False,0
1955,38946.0,257,False,1,True,0
1967,65777.0,1146,False,0,False,0
1976,66476.0,689,True,1,True,0
1972,86857.0,2114,True,0,False,0
1989,77845.0,1346,False,0,False,2
1969,69476.0,1044,False,0,False,0
1960,50611.0,493,True,1,True,1
1970,61209.0,957,True,0,False,0
1958,42315.0,270,False,1,True,0
1952,13084.0,29,False,0,False,0
1949,47570.0,121,True,2,True,0
1961,61923.0,126,False,2,True,0
1995,34824.0,23,True,0,False,0
1949,26518.0,57,True,2,True,0
1961,45938.0,636,True,0,False,0
1960,78468.0,1004,False,0,False,1
1973,78901.0,734,True,1,True,0
1978,71427.0,614,False,2,True,0
1978,71022.0,1453,True,1,True,1
1988,90247.0,1621,True,0,False,3
1968,41335.0,187,True,1,True,0
1986,71952.0,1443,False,1,True,2
1970,35682.0,57,True,1,True,0
1951,43185.0,637,True,1,True,0
1948,66375.0,948,False,1,True,1
1971,35178.0,59,False,1,True,1
1986,25252.0,18,False,1,True,0
1965,55250.0,903,True,1,True,0
1975,33249.0,112,True,1,True,0
1953,58398.0,596,False,0,False,0
1982,50272.0,233,False,1,True,0
1975,76618.0,1511,False,0,False,0
1960,87305.0,1152,True,0,False,1
1978,25851.0,48,False,1,True,0
1970,58710.0,1185,True,1,True,0
1958,45160.0,21,True,2,True,0
1965,74806.0,965,False,1,True,0
1954,59111.0,869,False,0,False,0
1984,18988.0,16,False,1,True,0
1965,72190.0,1947,False,0,False,0
1976,7500.0,71,False,1,True,1
1966,44794.0,65,False,1,True,0
1955,80395.0,1380,False,0,False,1
1976,75012.0,1027,True,0,False,0
1965,56962.0,411,False,3,True,0
1991,89891.0,836,False,0,False,1
1949,35946.0,11,True,2,True,0
1953,53593.0,480,False,2,True,0
1978,66373.0,606,False,2,True,0
1948,45072.0,284,True,3,True,0
1973,89694.0,1472,True,2,True,3
1949,72025.0,1677,False,0,False,3
1973,67432.0,1335,False,1,True,0
1952,70545.0,334,False,1,True,0
1989,17487.0,18,False,1,True,0
1969,62882.0,1338,False,1,True,0
1953,64108.0,1099,True,1,True,0
1956,34941.0,97,False,2,True,0
1950,48767.0,63,True,3,True,0
1978,38702.0,109,False,1,True,0
1964,82224.0,902,False,0,False,1
1952,83844.0,1574,False,0,False,1
1975,17003.0,38,False,1,True,0
1995,71163.0,960,True,0,False,0
1970,33697.0,28,True,1,True,1
1954,63564.0,1215,False,0,False,1
1972,83443.0,1497,False,0,False,0
1958,51518.0,449,False,1,True,0
1975,58330.0,1064,True,1,True,0
1969,80952.0,1757,False,0,False,3
1979,75507.0,1440,False,0,False,0
1978,63855.0,1006,False,0,False,0
1972,62220.0,1226,False,1,True,0
1964,58512.0,1171,False,1,True,0
1979,40662.0,92,False,1,True,0
1959,38829.0,99,False,1,True,0
1981,35523.0,66,False,1,True,0
1967,79146.0,564,True,2,True,0
1988,78285.0,1427,False,0,False,0
1978,31626.0,86,True,1,True,1
1952,75127.0,833,True,0,False,0
1955,48726.0,242,False,1,True,0
1977,74985.0,1869,False,0,False,0
1987,67430.0,1364,False,0,False,0
1965,46891.0,183,False,1,True,0
1956,62058.0,450,False,1,True,0
1979,72063.0,758,False,1,True,0
1951,78939.0,1507,False,0,False,0
1965,42720.0,654,True,2,True,0
1972,33622.0,81,False,2,True,0
1957,6835.0,137,False,1,True,0
1953,41452.0,16,False,2,True,0
1965,40760.0,93,True,1,True,0
1958,74250.0,1158,False,0,False,0
1955,51124.0,43,True,2,True,0
1971,72258.0,1525,True,1,True,0
1974,71466.0,1230,True,0,False,0
1976,36283.0,29,False,2,True,0
1970,20587.0,25,True,1,True,0
1972,30467.0,24,False,1,True,0
1972,31590.0,38,False,1,True,0
1986,20425.0,57,False,1,True,0
1960,17144.0,47,False,2,True,0
1968,42564.0,813,True,1,True,1
1978,43783.0,629,False,1,True,1
1976,40780.0,377,True,1,True,0
1945,62847.0,1612,False,0,False,0
1957,82017.0,729,False,0,False,3
1950,16813.0,50,True,0,False,1
1978,51267.0,270,False,2,True,0
1961,46524.0,177,True,1,True,0
1962,45183.0,315,True,0,False,1
1954,70421.0,767,False,1,True,0
1965,60161.0,1071,True,1,True,0
1973,73926.0,1580,False,0,False,0
1968,19329.0,60,False,1,True,0
1970,61872.0,573,False,1,True,0
1956,46984.0,41,True,2,True,0
1951,34838.0,170,False,2,True,0
1944,82716.0,1167,True,0,False,0
1958,48192.0,1526,False,0,False,3
1976,49681.0,458,False,2,True,0
1971,56850.0,63,False,1,True,0
1957,55267.0,405,False,1,True,0
1972,59666.0,1027,False,2,True,1
1972,72504.0,1478,True,1,True,0
1981,26872.0,72,False,0,False,0
1972,21359.0,48,True,1,True,0
1975,73170.0,726,True,0,False,0
1955,52750.0,860,False,1,True,0
1986,91820.0,1497,False,0,False,0
1970,65968.0,495,False,1,True,0
1976,30772.0,20,False,2,True,0
1954,22507.0,570,True,0,False,0
1972,65685.0,769,False,1,True,0
1978,25804.0,55,False,1,True,0
1980,76412.0,1808,True,0,False,2
1972,22063.0,55,False,1,True,0
1961,57091.0,577,True,0,False,1
1963,22419.0,162,False,0,False,0
1959,87771.0,1957,False,1,True,4
1959,78353.0,1576,True,1,True,0
1954,93404.0,1616,False,3,True,2
1962,37859.0,36,True,3,True,0
1958,80995.0,1482,True,1,True,0
1984,16529.0,22,False,1,True,0
1976,55412.0,63,True,2,True,0
1992,48789.0,680,True,0,False,0
1967,56575.0,542,False,2,True,0
1980,25130.0,50,False,1,True,0
1967,35441.0,39,False,2,True,0
1956,71391.0,1043,False,1,True,0
1972,49494.0,385,True,1,True,0
1980,81702.0,1633,True,0,False,0
1980,45889.0,46,True,1,True,0
1977,56628.0,761,True,1,True,1
1950,34026.0,76,False,2,True,0
1974,40049.0,290,False,1,True,0
1988,34176.0,89,True,1,True,0
1981,19419.0,70,False,1,True,0
1960,82504.0,1066,False,0,False,0
1970,81205.0,2009,False,0,False,3
1991,61618.0,1345,True,0,False,0
1956,55284.0,764,True,1,True,0
1963,49980.0,195,True,1,True,0
1980,15072.0,53,False,2,True,0
1974,49166.0,368,True,1,True,0
1954,65324.0,544,False,1,True,0
1957,82347.0,1853,False,0,False,2
1966,30843.0,35,False,2,True,1
1974,46374.0,446,False,1,True,2
1979,60474.0,1180,True,1,True,0
1973,38576.0,41,False,1,True,0
1985,55357.0,727,False,2,True,0
1966,37758.0,40,False,2,True,0
1989,85710.0,1062,False,0,False,1
1969,23228.0,40,False,1,True,0
1969,44602.0,292,False,2,True,0
1987,7500.0,15,False,0,False,0
1989,38683.0,341,False,1,True,0
1975,49514.0,369,True,1,True,0
1973,57906.0,401,False,1,True,0
1966,43456.0,393,True,1,True,0
1986,19485.0,10,True,2,True,0
1978,53172.0,486,False,1,True,0
1979,30545.0,69,False,1,True,0
1983,70123.0,1727,False,0,False,2
1959,62450.0,995,True,1,True,1
1976,21675.0,45,False,1,True,0
1981,42395.0,182,True,2,True,0
1978,61346.0,989,False,1,True,0
1953,80812.0,1677,False,0,False,3
1971,42835.0,595,True,2,True,0
1983,39922.0,156,False,1,True,0
1956,86424.0,1226,True,0,False,0
1978,17117.0,128,False,1,True,0
1972,24762.0,86,True,1,True,1
1975,35797.0,68,False,1,True,0
1975,36627.0,16,True,2,True,0
1981,51111.0,55,False,2,True,0
1972,86857.0,2114,True,0,False,0
1970,82072.0,2018,False,0,False,0
1953,46231.0,263,True,3,True,0
1959,42243.0,55,False,2,True,0
1962,51195.0,564,False,2,True,0
1978,68092.0,1281,True,0,False,0
1973,31814.0,83,False,1,True,1
1965,51390.0,353,True,2,True,0
1983,76630.0,1003,False,0,False,0
1991,26868.0,14,True,1,True,0
1943,48948.0,902,True,0,False,1
1972,55260.0,1139,True,1,True,0
1956,64090.0,797,False,1,True,0
1958,78331.0,1638,True,1,True,0
1974,37087.0,401,False,1,True,0
1986,21846.0,84,True,1,True,0
1958,81320.0,928,False,0,False,0
1970,54137.0,203,True,1,True,0
1967,66825.0,858,False,0,False,0
1973,57100.0,409,False,0,False,0
1969,58917.0,282,False,3,True,0
1977,85072.0,1423,True,0,False,0
1961,86429.0,1449,True,0,False,1
1971,45684.0,28,True,1,True,0
1974,47889.0,67,False,1,True,0
1986,45921.0,199,False,0,False,0
1966,78420.0,1453,True,0,False,0
1992,75114.0,1253,False,0,False,0
1963,52278.0,1198,True,1,True,0
1972,35641.0,178,False,1,True,0
1994,95529.0,1990,True,0,False,1
1954,62820.0,976,False,0,False,0
1960,73113.0,1001,False,0,False,0
1982,84169.0,1919,False,0,False,2
1954,42607.0,350,True,1,True,0
1954,74637.0,1650,True,0,False,1
1955,46015.0,46,False,2,True,2
1993,72354.0,1228,True,0,False,0
1969,39858.0,95,True,1,True,0
1948,34469.0,62,False,2,True,0
1986,83033.0,1761,False,1,True,1
1979,24401.0,467,False,0,False,0
1978,77583.0,1149,False,0,False,1
1982,74116.0,2052,True,0,False,1
1993,74293.0,1127,True,0,False,0
1976,68397.0,1416,False,1,True,0
1974,79632.0,1113,False,0,False,0
1989,46107.0,125,True,1,True,0
1951,64950.0,966,True,1,True,1
1989,25443.0,32,False,1,True,0
1952,75127.0,833,True,0,False,0
1971,32892.0,46,False,1,True,0
1971,71796.0,960,False,0,False,0
1970,67536.0,1829,False,1,True,1
1971,55239.0,779,True,1,True,0
1975,60554.0,811,True,1,True,0
1952,64831.0,1120,True,2,True,0
1962,56067.0,725,False,1,True,0
1983,82025.0,1187,True,0,False,1
1953,94384.0,2302,False,0,False,3
1986,14906.0,66,True,0,False,0
1987,51563.0,1250,False,0,False,2
1982,57937.0,683,False,1,True,0
1979,68274.0,305,True,2,True,0
1977,39771.0,50,False,1,True,0
1975,67893.0,995,True,1,True,0
1979,27922.0,41,False,1,True,0
1976,52190.0,77,False,2,True,1
1973,44051.0,171,True,2,True,0
1971,42767.0,131,True,2,True,0
1976,46106.0,54,False,2,True,0
1976,16927.0,53,False,2,True,0
1965,59754.0,475,False,1,True,0
1952,53700.0,694,True,1,True,0
1973,59041.0,96,False,2,True,0
1957,54237.0,361,True,1,True,0
1967,70647.0,1079,True,1,True,0
1962,52597.0,578,True,1,True,0
1969,41021.0,64,False,1,True,0
1975,40233.0,149,False,1,True,0
1980,50183.0,231,False,2,True,0
1959,54753.0,728,False,1,True,0
1973,92955.0,1778,False,0,False,2
1973,33471.0,93,False,1,True,0
1974,34596.0,23,False,1,True,0
1980,44010.0,662,False,1,True,0
1988,84219.0,1198,False,0,False,0
1968,40706.0,81,False,3,True,0
1988,15716.0,92,False,1,True,0
1959,59052.0,491,True,1,True,0
1971,80573.0,1564,False,0,False,0
1962,83715.0,926,False,0,False,0
1959,82576.0,1910,False,0,False,1
1965,56962.0,411,False,3,True,0
1952,35704.0,94,False,2,True,0
1954,53103.0,1085,False,1,True,1
1960,46779.0,23,True,2,True,0
1965,4861.0,6,True,0,False,0
1979,33462.0,54,True,1,True,0
1978,63693.0,1150,True,1,True,0
1950,80763.0,1415,False,0,False,2
1974,65352.0,405,False,1,True,0
1978,82170.0,1908,False,0,False,0
1969,75759.0,2486,False,0,False,3
1976,79689.0,1315,True,0,False,0
1956,35340.0,45,True,2,True,0
1954,85683.0,1789,True,0,False,4
1972,24884.0,19,False,1,True,0
1981,42021.0,573,False,1,True,1
1989,64449.0,805,True,1,True,0
1954,64587.0,108,True,2,True,0
1995,34824.0,23,True,0,False,0
1978,75437.0,1493,False,0,False,1
1957,26091.0,89,False,2,True,0
1973,52845.0,936,False,1,True,1
1956,46086.0,343,True,1,True,0
1956,78028.0,528,True,1,True,2
1987,95169.0,1901,True,0,False,2
1981,56337.0,724,False,2,True,2
1987,22434.0,58,False,1,True,0
1954,36930.0,297,False,1,True,0
1954,36130.0,488,True,1,True,1
1953,65569.0,859,False,1,True,0
1952,83844.0,1574,False,0,False,1
1968,19514.0,69,False,2,True,1
1963,36736.0,17,True,2,True,0
1979,77568.0,2194,False,1,True,3
1976,49187.0,116,False,1,True,0
1978,30168.0,279,True,1,True,0
1968,34053.0,103,False,1,True,0
1971,38196.0,44,False,2,True,0
1951,59412.0,406,False,0,False,0
1965,70924.0,1363,False,0,False,1
1969,54165.0,236,False,0,False,0
1973,32300.0,39,False,1,True,0
1976,20180.0,137,True,0,False,0
1973,34961.0,79,False,1,True,0
1974,28440.0,63,False,1,True,0
1953,64504.0,1314,False,3,True,0
1966,33564.0,71,False,1,True,0
1978,17345.0,58,False,1,True,0
1967,56320.0,702,False,1,True,0
1978,28647.0,94,True,1,True,1
1987,15038.0,80,True,1,True,0
1958,32173.0,22,True,1,True,0
1964,68316.0,1211,False,1,True,0
1971,74538.0,1461,False,0,False,1
1971,91700.0,1968,True,0,False,0
1969,68695.0,1091,False,0,False,0
1977,31056.0,55,False,1,True,0
1973,79593.0,1366,False,0,False,1
1980,28071.0,313,True,0,False,0
1958,37334.0,62,False,2,True,0
1972,46423.0,92,True,2,True,0
1971,37126.0,72,False,1,True,1
1953,47703.0,655,False,1,True,0
1959,61180.0,704,False,1,True,1
1954,38998.0,54,False,2,True,0
1962,76081.0,1033,False,0,False,1
1986,34728.0,36,False,1,True,0
1965,33168.0,122,True,1,True,0
1966,33585.0,122,False,1,True,0
1960,77037.0,1123,False,1,True,0
1984,35196.0,497,False,1,True,0
1966,44529.0,691,False,1,True,1
1965,70924.0,1363,False,0,False,1
1966,28764.0,12,False,2,True,1
1949,69098.0,2440,False,0,False,0
1970,25959.0,56,True,2,True,0
1983,27100.0,37,False,1,True,0
1985,70596.0,968,True,0,False,0
1974,42557.0,270,False,1,True,0
1951,53312.0,278,False,0,False,0
1952,72228.0,1250,True,0,False,0
1987,67605.0,938,False,0,False,0
1949,62845.0,1178,False,2,True,1
1958,65196.0,1155,False,2,True,1
1987,42000.0,653,True,0,False,0
1973,35860.0,49,True,2,True,1
1964,65526.0,506,False,1,True,0
1961,16860.0,38,False,2,True,0
1992,83528.0,1650,True,0,False,2
1965,64176.0,1826,True,1,True,0
1956,22304.0,18,True,0,False,0
1978,67023.0,906,False,0,False,0
1971,32892.0,46,False,1,True,0
1966,70713.0,1477,False,1,True,0
1955,59925.0,766,False,1,True,0
1953,39722.0,47,False,1,True,0
1958,46610.0,467,False,0,False,0
1961,88347.0,2116,False,0,False,1
1981,87171.0,1298,False,0,False,2
1976,26907.0,22,False,2,True,0
1968,50014.0,396,True,1,True,0
1978,41014.0,20,False,1,True,0
1965,66294.0,967,True,0,False,0
1971,36715.0,357,False,1,True,0
1956,79456.0,1401,False,0,False,0
1982,40479.0,15,False,1,True,0
1970,75345.0,2087,True,0,False,1
1977,54233.0,981,False,1,True,0
1970,24163.0,17,True,2,True,0
1958,84460.0,523,False,0,False,4
1983,43776.0,23,False,1,True,0
1958,71691.0,1192,True,0,False,0
1973,85844.0,1958,False,0,False,1
1974,39190.0,133,True,1,True,0
1959,71367.0,777,False,0,False,0
1972,38578.0,73,True,2,True,0
1965,57236.0,121,False,2,True,0
1979,61825.0,424,True,1,True,0
1958,79803.0,868,True,1,True,0
1986,80910.0,756,True,0,False,0
1982,27590.0,12,False,1,True,0
1979,56775.0,937,False,1,True,0
1975,83829.0,1862,True,0,False,3
1979,54210.0,367,False,1,True,0
1986,38508.0,443,False,1,True,0
1970,53187.0,267,False,1,True,0
1972,30023.0,61,False,1,True,0
1960,76045.0,1323,True,0,False,1
1952,50870.0,63,False,1,True,0
1970,15315.0,64,False,0,False,0
1974,65463.0,562,False,1,True,1
1965,66480.0,312,False,2,True,0
1954,76773.0,1156,True,0,False,0
1983,81698.0,1104,True,0,False,1
1973,54466.0,16,True,2,True,0
1960,98777.0,2008,True,0,False,1
1984,16269.0,44,True,1,True,0
1971,71819.0,1574,False,1,True,2
1983,33569.0,63,False,1,True,1
1983,36262.0,426,False,0,False,1
1966,22634.0,96,False,0,False,0
1978,47025.0,635,False,1,True,0
1968,70566.0,757,True,1,True,0
1979,31605.0,125,False,1,True,0
1973,52034.0,332,True,2,True,0
1979,48526.0,135,True,1,True,0
1954,46734.0,330,False,1,True,0
1962,39552.0,384,True,2,True,0
1966,86358.0,1722,True,2,True,0
1977,46931.0,78,False,3,True,0
1985,16581.0,24,True,0,False,0
1952,63998.0,1168,True,0,False,0
1951,67381.0,957,False,1,True,1
1967,25930.0,15,True,2,True,0
1978,42693.0,57,False,1,True,0
1976,85606.0,1956,False,1,True,1
1985,72903.0,2013,True,0,False,3
1974,49669.0,326,False,1,True,0
1968,36778.0,77,False,2,True,0
1962,85696.0,1313,True,0,False,0
1989,10979.0,30,True,0,False,0
1961,49678.0,315,False,1,True,0
1953,56129.0,660,False,1,True,0
1989,37155.0,74,False,1,True,0
1978,21282.0,46,True,1,True,0
1962,33419.0,86,True,1,True,0
1945,63285.0,1103,True,0,False,0
1974,21255.0,61,False,1,True,0
1981,42162.0,145,False,1,True,1
1956,54450.0,684,False,2,True,0
1954,57744.0,411,False,1,True,0
1986,26576.0,27,True,1,True,1
1943,57513.0,1060,True,0,False,0
1964,68142.0,1459,False,1,True,0
1979,7500.0,18,False,1,True,0
1974,83145.0,1833,False,0,False,1
1960,54197.0,237,False,1,True,0
1963,23091.0,48,True,2,True,0
1976,46049.0,515,False,2,True,0
1974,56715.0,1020,False,0,False,0
1961,79410.0,1370,False,0,False,0
1951,57304.0,1026,False,1,True,0
1965,44375.0,301,False,1,True,0
1956,54450.0,684,False,2,True,0
1965,59594.0,499,False,1,True,1
1994,80685.0,1004,False,0,False,0
1974,40344.0,218,False,1,True,0
1972,62710.0,606,False,1,True,0
1968,48985.0,75,False,1,True,0
1968,35322.0,106,False,3,True,0
1948,77142.0,990,False,0,False,0
1969,81657.0,1097,True,0,False,0
1996,14421.0,16,False,0,False,1
1974,20130.0,34,False,0,False,0
1990,74214.0,1711,False,0,False,0
1957,66726.0,438,False,2,True,1
1979,23724.0,75,False,1,True,0
1960,47353.0,225,False,1,True,0
1952,33444.0,18,False,2,True,0
1981,54386.0,470,False,1,True,0
1981,28510.0,91,True,2,True,0
1991,90638.0,2525,True,0,False,1
1950,48070.0,504,False,1,True,0
1957,43140.0,235,False,1,True,0
1961,54959.0,1232,True,1,True,1
1958,15056.0,88,True,2,True,0
1971,26954.0,17,True,1,True,0
1985,22327.0,24,True,1,True,0
1965,44393.0,60,False,2,True,0
1952,62000.0,1020,True,1,True,1
1962,31497.0,155,False,1,True,0
1974,45894.0,51,False,2,True,0
1970,78579.0,1812,True,0,False,0
1969,67369.0,1461,True,1,True,2
1960,58401.0,96,True,1,True,0
1952,62307.0,160,True,1,True,0
1969,43641.0,139,False,2,True,0
1968,63841.0,908,True,1,True,0
1965,46891.0,183,False,1,True,0
1969,70091.0,1161,False,1,True,1
1972,78075.0,988,False,0,False,0
1961,59184.0,1072,True,1,True,0
1977,54809.0,174,False,2,True,0
1959,58113.0,758,False,1,True,0
1958,51412.0,195,False,1,True,0
1979,15287.0,31,True,1,True,1
1957,66636.0,1084,False,0,False,0
1956,50965.0,685,False,1,True,1
1965,84618.0,1672,False,0,False,1
1990,18351.0,43,False,0,False,0
1957,40451.0,49,False,2,True,1
1965,36317.0,133,False,1,True,0
1957,42213.0,363,False,1,True,1
1955,65748.0,545,False,1,True,0
1972,77044.0,1065,False,1,True,1
1969,74918.0,2047,False,0,False,1
1972,56721.0,296,False,2,True,0
1975,42160.0,140,True,2,True,0
1965,61559.0,530,True,1,True,0
1963,33629.0,152,False,2,True,0
1991,68682.0,1598,False,0,False,0
1963,34377.0,114,True,1,True,0
1986,8940.0,101,True,1,True,0
1973,26228.0,25,False,1,True,0
1957,77297.0,789,True,0,False,1
1981,40211.0,87,False,2,True,1
1958,33438.0,90,True,2,True,0
1959,75032.0,1215,False,1,True,0
1955,61284.0,811,True,0,False,1
1986,22518.0,61,False,1,True,1
1975,54730.0,405,False,1,True,0
1955,38452.0,72,False,2,True,0
1971,44421.0,189,True,2,True,0
1986,38197.0,40,False,1,True,0
1978,41986.0,63,True,1,True,0
1983,28427.0,52,False,1,True,0
1976,37395.0,39,False,1,True,0
1971,64722.0,805,False,1,True,0
1956,55249.0,130,False,1,True,0
1972,84906.0,1631,False,0,False,3
1989,28691.0,34,False,1,True,0
1952,44213.0,152,True,2,True,0
1984,25707.0,21,True,1,True,0
1967,59062.0,71,False,3,True,0
1962,76624.0,899,True,1,True,1
1947,66000.0,711,False,0,False,0
1978,27683.0,351,False,1,True,0
1992,7500.0,119,True,1,True,0
1968,40521.0,21,False,2,True,0
1973,20427.0,10,False,1,True,0
1975,65106.0,973,False,1,True,1
1965,69969.0,1536,False,0,False,2
1952,67433.0,992,False,2,True,1
1967,77766.0,1529,False,1,True,1
1972,74716.0,860,False,1,True,0
1963,68118.0,928,True,1,True,0
1970,55158.0,418,False,2,True,0
1955,62972.0,587,False,1,True,0
1975,74190.0,641,False,1,True,0
1976,39356.0,23,False,2,True,1
1969,76653.0,2279,False,0,False,2
1973,35860.0,49,True,2,True,1
1983,90687.0,1779,True,0,False,1
1982,73450.0,1804,False,0,False,2
1960,31454.0,48,False,2,True,0
1952,47139.0,83,True,2,True,0
1975,83829.0,1862,True,0,False,3
1963,53378.0,793,False,2,True,0
1970,19656.0,84,False,1,True,0
1948,45579.0,183,False,1,True,0
1958,85485.0,1383,True,0,False,0
1944,55956.0,999,False,0,False,1
1963,64191.0,825,True,1,True,0
1972,38808.0,246,True,1,True,1
1966,57183.0,610,False,2,True,0
1968,23748.0,76,True,1,True,0
1971,66303.0,1286,False,1,True,1
1975,37368.0,30,False,1,True,1
1964,40800.0,99,False,3,True,0
1978,71847.0,1192,True,0,False,1
1975,46149.0,362,False,1,True,0
1983,78687.0,2130,False,0,False,1
1971,49118.0,1229,True,0,False,2
1957,37633.0,38,False,2,True,0
1951,39767.0,485,False,0,False,0
1951,26997.0,434,False,0,False,0
1970,33986.0,44,True,1,True,0
1972,57091.0,496,False,1,True,1
1969,46831.0,78,False,2,True,0
1972,83151.0,2346,False,0,False,3
1971,52531.0,794,False,0,False,0
1956,15759.0,17,False,0,False,0
1971,22804.0,26,True,1,True,0
1973,43050.0,76,False,1,True,0
1977,42997.0,15,True,2,True,0
1963,48918.0,62,True,2,True,0
1954,60033.0,198,False,1,True,0
1978,34043.0,49,False,1,True,0
1966,57811.0,802,False,1,True,1
1946,78569.0,1736,False,0,False,1
1978,7500.0,57,True,2,True,0
1971,157733.0,59,False,1,True,0
1953,94384.0,2302,False,0,False,3
1985,23148.0,37,False,0,False,0
1970,44267.0,310,True,2,True,0
1979,71626.0,1305,False,0,False,1
1966,60894.0,832,False,1,True,0
1976,50200.0,401,False,2,True,0
1965,81051.0,1501,False,0,False,2
1982,65169.0,1189,False,0,False,4
1972,59868.0,1194,False,1,True,0
1960,65695.0,656,False,1,True,0
1956,64857.0,1540,True,0,False,0
1965,45143.0,311,False,1,True,0
1955,74805.0,820,False,1,True,0
1989,59060.0,274,False,1,True,0
1962,27238.0,57,True,2,True,0
1965,47009.0,448,False,1,True,0
1973,46094.0,44,False,2,True,0
1972,40321.0,102,False,2,True,0
1984,37235.0,61,False,1,True,0
1960,81843.0,1643,False,0,False,0
1958,46692.0,397,False,1,True,0
1968,77382.0,1121,False,1,True,1
1977,37774.0,473,True,2,True,1
1974,18393.0,50,False,1,True,0
1962,72828.0,1678,False,1,True,0
1982,24711.0,58,False,0,False,0
1975,45503.0,170,False,1,True,0
1982,6560.0,373,True,0,False,0
1945,71604.0,1196,False,0,False,1
1979,27244.0,101,False,1,True,0
1969,48752.0,316,False,2,True,0
1962,71434.0,1400,False,1,True,2
1948,90842.0,1424,True,0,False,0
1978,88097.0,844,False,1,True,3
1975,51948.0,311,False,1,True,0
1982,71853.0,1149,False,0,False,0
1983,35876.0,129,False,0,False,0
1952,40049.0,32,True,1,True,0
1982,39660.0,299,True,1,True,0
1962,50127.0,320,False,1,True,1
1977,43263.0,441,False,1,True,0
1949,62845.0,1178,False,2,True,1
1990,18929.0,85,False,0,False,0
1982,24367.0,24,True,1,True,0
1975,33249.0,112,True,1,True,0
1959,26887.0,30,False,1,True,0
1983,50150.0,410,False,0,False,0
1976,62061.0,800,False,1,True,1
1962,85696.0,1313,True,0,False,0
1956,76542.0,1483,False,0,False,0
1993,70515.0,1258,True,0,False,0
1987,18227.0,28,False,1,True,0
1965,69139.0,227,False,1,True,0
1982,69109.0,1555,False,0,False,1
1962,69627.0,861,True,1,True,0
1978,38136.0,103,False,1,True,1
1946,62159.0,634,True,0,False,0
1963,80695.0,1918,True,0,False,0
1971,33316.0,131,True,2,True,0
1968,58554.0,586,False,2,True,0
1992,17256.0,62,False,1,True,1
1974,53034.0,447,True,2,True,0
1950,52203.0,939,False,0,False,0
1977,59601.0,797,True,1,True,1
1958,75154.0,1143,True,1,True,0
1976,47025.0,415,True,1,True,0
1973,37971.0,30,False,1,True,0
1968,41335.0,187,True,1,True,0
1958,67267.0,251,False,1,True,0
1975,57338.0,237,True,1,True,0
1960,50523.0,91,False,2,True,0
1965,35791.0,35,True,3,True,0
1960,50611.0,493,True,1,True,1
1969,56242.0,971,False,1,True,0
1960,48904.0,371,True,1,True,0
1975,56243.0,396,True,3,True,0
1985,21355.0,68,False,1,True,1
1971,57420.0,322,False,1,True,1
1970,51381.5,317,False,1,True,0
1955,46390.0,222,True,1,True,0
1956,54342.0,177,False,2,True,0
1958,51381.5,45,False,2,True,0
1964,51381.5,21,True,2,True,0
1973,20895.0,45,False,1,True,0
1948,92344.0,1899,False,0,False,2
1972,51381.5,42,False,1,True,0
1976,26907.0,22,False,2,True,0
1980,44964.0,41,False,2,True,0
1979,75507.0,1440,False,0,False,0
1972,53761.0,325,False,2,True,0
1973,22682.0,95,False,1,True,0
1972,38887.0,42,False,1,True,0
1975,41658.0,72,True,2,True,0
1972,29791.0,20,False,1,True,0
1956,63915.0,789,False,2,True,0
1974,39996.0,15,True,2,True,0
1972,26759.0,59,True,1,True,0
1968,63841.0,908,True,1,True,0
1969,51039.0,417,False,2,True,0
1961,60544.0,289,False,2,True,0
1972,65685.0,769,False,1,True,0
1953,37716.0,188,False,1,True,0
1957,36864.0,354,True,1,True,0
1970,44511.0,727,False,1,True,0
1967,36947.0,146,False,2,True,0
1951,47352.0,319,False,1,True,0
1953,67087.0,794,False,1,True,0
1950,57045.0,454,False,1,True,0
1953,36957.0,152,True,2,True,0
1977,69389.0,797,False,1,True,0
1972,80134.0,1690,False,1,True,3
1969,43142.0,20,False,2,True,0
1944,80589.0,1428,False,0,False,1
1990,34412.0,209,True,1,True,0
1979,57537.0,545,True,1,True,0
1966,22634.0,96,False,0,False,0
1948,51315.0,222,False,0,False,0
1972,36026.0,61,False,3,True,0
1973,24639.0,44,False,2,True,0
1972,34578.0,8,False,3,True,0
1972,65704.0,817,True,0,False,0
1966,63810.0,1371,True,1,True,1
1969,54132.0,42,False,1,True,0
1959,18690.0,60,False,0,False,0
1970,28164.0,78,False,1,True,0
1974,34596.0,23,False,1,True,0
1972,43269.0,19,False,1,True,0
1958,38741.0,61,True,2,True,0
1972,31907.0,449,True,0,False,0
1983,27100.0,37,False,1,True,0
1973,31163.0,38,True,1,True,0
1985,92533.0,1131,False,0,False,2
1973,34853.0,34,True,2,True,0
1967,70844.0,294,True,2,True,0
1979,31086.0,48,False,2,True,1
1961,60544.0,289,False,2,True,0
1986,20491.0,30,False,0,False,0
1964,42523.0,125,False,0,False,0
1983,39922.0,156,False,1,True,0
1952,33402.0,70,False,2,True,0
1949,36408.0,22,False,2,True,0
1979,21645.0,65,False,1,True,0
1948,78427.0,1930,True,0,False,1
1946,82657.0,2283,False,0,False,2
1958,51876.0,310,False,0,False,0
1971,78041.0,1319,False,0,False,0
1957,52852.0,879,False,1,True,1
1982,70038.0,1244,False,0,False,0
1973,69401.0,690,False,1,True,0
1972,46053.0,209,False,1,True,0
1965,77343.0,1134,False,0,False,0
1953,73892.0,1507,True,0,False,0
1967,40304.0,57,True,1,True,0
1965,32727.0,529,False,0,False,0
1969,68695.0,1091,False,0,False,0
1971,43300.0,180,True,1,True,0
1972,26290.0,77,False,2,True,0
1970,93790.0,2349,True,0,False,3
1974,38410.0,534,False,0,False,0
1950,64866.0,556,True,1,True,1
1959,57957.0,637,False,1,True,0
1955,46015.0,46,False,2,True,2
1978,16531.0,44,False,1,True,0
1986,28072.0,47,False,1,True,0
1963,49476.0,795,True,1,True,0
1953,50725.0,586,False,1,True,0
1952,83844.0,1574,False,0,False,1
1950,41145.0,13,False,2,True,0
1970,67419.0,1471,False,1,True,0
1970,23162.0,65,False,2,True,0
1977,34380.0,175,False,1,True,0
1966,34704.0,40,True,1,True,0
1969,94871.0,1078,False,2,True,2
1958,65148.0,1115,False,1,True,0
1954,39898.0,134,False,1,True,0
1956,64857.0,1540,True,0,False,0
1970,59892.0,87,False,1,True,0
1987,41020.0,217,True,0,False,0
1961,57072.0,1034,False,1,True,1
1979,60474.0,1180,True,1,True,0
1960,62807.0,819,False,1,True,0
1981,19414.0,32,False,1,True,0
1980,19107.0,46,False,1,True,0
1976,75484.0,1159,False,1,True,0
1976,70379.0,860,True,1,True,0
1970,79419.0,1631,False,0,False,0
1946,64014.0,444,False,3,True,1
1955,76998.0,1910,False,1,True,1
1972,49854.0,380,False,1,True,0
1971,60585.0,736,False,2,True,0
1950,42873.0,269,True,2,True,0
1988,87679.0,2524,False,0,False,3
1978,57867.0,612,False,1,True,0
1990,35765.0,75,False,1,True,0
1959,65492.0,1045,False,0,False,0
1977,32952.0,55,True,1,True,0
1969,53374.0,1064,False,1,True,1
1959,71706.0,1443,False,1,True,0
1988,68487.0,1366,False,0,False,0
1975,53253.0,436,False,2,True,0
1973,31163.0,38,True,1,True,0
1977,42014.0,436,False,1,True,0
1973,54108.0,747,False,2,True,0
1955,49667.0,1396,True,0,False,1
1974,63206.0,928,False,0,False,1
1972,57136.0,642,False,2,True,0
1975,46772.0,1048,False,1,True,1
1971,78931.0,943,False,0,False,0
1958,53977.0,907,False,1,True,0
1988,84219.0,1198,False,0,False,0
1975,46098.0,120,True,2,True,0
1965,73538.0,1658,False,1,True,0
1986,79529.0,1638,False,0,False,0
1977,20981.0,73,False,0,False,0
1980,51766.0,275,True,1,True,0
1962,55759.0,854,False,1,True,0
1978,33039.0,78,False,1,True,0
1972,37787.0,106,False,1,True,0
1970,27242.0,106,True,1,True,0
1983,87188.0,1923,True,0,False,0
1971,69930.0,1662,False,0,False,0
1976,37697.0,84,True,1,True,0
1973,37401.0,48,False,1,True,0
1973,3502.0,5,True,1,True,0
1976,58597.0,733,False,2,True,0
1948,82032.0,1234,True,0,False,0
1958,28087.0,112,False,2,True,0
1987,74004.0,1658,True,0,False,2
1960,19740.0,55,False,1,True,0
1975,57036.0,1513,False,1,True,1
1958,53083.0,271,False,2,True,1
1975,69283.0,904,False,1,True,0
1975,46098.0,120,True,2,True,0
1988,23331.0,103,False,1,True,0
1988,23331.0,269,True,1,True,0
1989,9255.0,22,True,1,True,0
1959,67786.0,1156,True,0,False,0
1971,71969.0,1086,False,1,True,1
1967,59235.0,1128,True,1,True,0
1989,31928.0,72,False,1,True,0
1961,74881.0,964,False,2,True,0
1978,65819.0,1383,False,0,False,0
1953,51411.0,18,True,3,True,0
1964,51983.0,793,True,1,True,0
1986,42386.0,100,False,1,True,0
1987,30390.0,80,False,0,False,0
1963,30983.0,167,True,0,False,0
1957,66033.0,677,True,1,True,0
1975,37284.0,23,False,2,True,0
1951,57530.0,92,True,1,True,0
1965,76800.0,641,False,0,False,0
1956,63943.0,1106,False,1,True,0
1962,76081.0,1033,False,0,False,1
1974,67445.0,1174,False,1,True,0
1967,37054.0,25,False,2,True,0
1962,47175.0,240,False,2,True,1
1976,31859.0,20,True,1,True,0
1961,27215.0,102,True,3,True,0
1976,70179.0,1034,True,1,True,0
1983,39922.0,156,False,1,True,0
1976,49681.0,458,False,2,True,0
1988,24645.0,17,False,1,True,0
1954,79865.0,792,True,1,True,0
1985,44322.0,92,False,1,True,0
1952,47958.0,407,True,1,True,0
1964,63972.0,1269,True,1,True,1
1954,75315.0,841,False,1,True,0
1950,55517.0,633,False,2,True,0
1957,75283.0,1019,False,3,True,0
1946,82800.0,1315,True,0,False,2
1954,38998.0,54,False,2,True,0
1991,90638.0,2525,True,0,False,1
1986,27161.0,52,False,1,True,0
1977,42014.0,436,False,1,True,0
1960,38201.0,268,False,1,True,0
1982,45203.0,147,False,2,True,0
1947,81574.0,1798,False,0,False,2
1992,34935.0,137,False,0,False,0
1976,60482.0,507,True,1,True,0
1956,34633.0,15,False,3,True,0
1947,78093.0,1105,False,0,False,0
1950,82460.0,974,True,0,False,0
1966,45903.0,66,False,1,True,0
1987,81361.0,778,True,0,False,0
1973,35860.0,49,True,2,True,1
1952,40442.0,169,False,2,True,0
1965,61482.0,299,False,0,False,0
1980,34968.0,221,False,1,True,0
1987,75794.0,1682,False,0,False,1
1962,31497.0,155,False,1,True,0
1955,74268.0,892,False,0,False,0
1988,13724.0,58,False,1,True,1
1965,45143.0,311,False,1,True,0
1967,52569.0,95,True,1,True,0
1973,48432.0,424,True,1,True,0
1960,17144.0,47,False,2,True,0
1984,36108.0,339,True,1,True,1
1971,76445.0,1410,False,1,True,0
1975,36663.0,35,False,1,True,0
1965,53843.0,562,False,1,True,0
1956,90226.0,2352,False,0,False,1
1955,70638.0,1334,True,0,False,1
1960,44512.0,32,False,2,True,0
1961,27116.0,41,False,2,True,0
1963,54072.0,39,False,2,True,0
1977,71855.0,1141,False,1,True,0
1990,51250.0,710,True,1,True,1
1973,60432.0,401,False,1,True,0
1964,65526.0,506,False,1,True,0
1988,68655.0,1538,True,0,False,0
1978,12393.0,57,False,0,False,0
1990,64509.0,1722,True,0,False,1
1975,33955.0,270,True,1,True,0
1977,31353.0,31,False,2,True,0
1984,55434.0,882,False,1,True,0
1983,28359.0,16,False,1,True,0
1987,57100.0,311,True,1,True,0
1965,69139.0,227,False,1,True,0
1956,52973.0,1152,False,1,True,0
1965,51717.0,122,False,1,True,1
1971,18793.0,77,False,1,True,0
1982,66664.0,1289,False,0,False,0
1959,50664.0,561,True,2,True,0
1963,54414.0,211,False,2,True,0
1952,54549.0,233,False,1,True,0
1971,47111.0,1092,True,1,True,0
1963,41003.0,601,True,0,False,0
1982,19444.0,54,False,1,True,0
1976,36301.0,78,False,1,True,0
1947,73059.0,1095,False,1,True,0
1969,42731.0,244,False,1,True,0
1959,52854.0,116,False,2,True,0
1978,22775.0,15,False,1,True,0
1948,46681.0,425,False,2,True,0
1955,59821.0,734,False,1,True,0
1954,50002.0,638,True,1,True,0
1945,69755.0,894,False,0,False,0
1969,44078.0,41,False,2,True,0
1976,30560.0,31,False,1,True,0
1969,35924.0,34,False,2,True,0
1964,64140.0,1750,True,2,True,3
1981,56386.0,612,False,2,True,0
1979,24594.0,29,False,1,True,0
1981,75774.0,823,False,1,True,0
1960,39228.0,20,True,0,False,0
1974,58494.0,396,False,1,True,0
1981,58684.0,813,True,0,False,1
1967,57136.0,1179,True,0,False,0
1950,56551.0,138,True,2,True,0
1982,22448.0,55,False,1,True,0
1961,82014.0,1511,True,0,False,0
1963,34213.0,117,True,2,True,0
1947,25358.0,32,True,1,True,0
1978,35544.0,67,True,1,True,0
1954,36634.0,335,False,1,True,0
1954,62670.0,825,False,1,True,0
1972,50334.0,694,False,1,True,0
1981,72066.0,1792,True,0,False,2
1958,50729.0,496,True,2,True,0
1968,34916.0,231,False,2,True,0
1976,64892.0,902,True,1,True,0
1966,43602.0,68,True,2,True,0
1989,33996.0,71,True,0,False,0
1985,41473.0,76,True,1,True,0
1967,63246.0,772,False,2,True,0
1959,36732.0,47,False,2,True,0
1970,69084.0,1586,False,1,True,0
1967,77766.0,1529,False,1,True,1
1985,37929.0,265,True,0,False,2
1951,86610.0,1603,False,0,False,0
1986,80141.0,2091,False,0,False,1
1955,72635.0,981,False,0,False,1
1970,69016.0,1533,False,1,True,0
1991,20193.0,82,False,0,False,0
1975,27573.0,244,False,1,True,0
1979,15862.0,36,True,1,True,0
1976,49544.0,404,False,1,True,0
1980,33228.0,71,False,1,True,0
1978,70440.0,1572,False,0,False,1
1971,38232.0,122,False,2,True,0
1955,22554.0,41,False,2,True,0
1983,23536.0,10,False,1,True,0
1952,49413.0,304,False,1,True,0
1969,42231.0,37,False,2,True,0
1980,78789.0,1754,True,0,False,0
1968,56534.0,815,False,1,True,2
1971,58350.0,1001,True,1,True,0
1989,81217.0,1157,True,0,False,0
1951,49090.0,688,True,1,True,0
1987,61787.0,1319,True,0,False,0
1985,18169.0,21,False,1,True,0
1981,24336.0,31,True,1,True,0
1990,18222.0,67,False,0,False,0
1952,62335.0,708,True,1,True,0
1971,42033.0,25,False,2,True,0
1983,86580.0,746,False,0,False,1
1957,41437.0,32,True,2,True,0
1951,73705.0,1695,True,2,True,0
1976,61064.0,1080,False,1,True,0
1955,38452.0,72,False,2,True,0
1989,18358.0,57,True,1,True,0
1973,55012.0,660,False,1,True,0
1973,9722.0,103,False,1,True,0
1984,38175.0,153,False,1,True,0
1956,58656.0,1220,False,1,True,1
1965,52117.0,279,False,1,True,0
1978,64813.0,745,False,1,True,0
1973,54222.0,264,False,1,True,0
1986,83512.0,2157,False,0,False,4
1959,77520.0,1526,False,1,True,3
1978,41154.0,69,False,1,True,0
1966,80398.0,1597,False,0,False,1
1992,18746.0,64,True,1,True,0
1984,35196.0,497,False,1,True,0
1956,60230.0,1067,True,1,True,0
1977,22108.0,31,False,2,True,0
1974,44392.0,211,False,2,True,0
1976,55424.0,877,False,1,True,1
1979,17688.0,11,False,1,True,0
1983,92491.0,2034,False,0,False,3
1991,90273.0,1991,True,0,False,3
1962,82571.0,1686,True,0,False,1
1982,38513.0,324,True,1,True,0
1979,16653.0,69,True,1,True,0
1955,42586.0,252,False,2,True,0
1965,23529.0,54,True,1,True,0
1961,74881.0,964,False,2,True,0
1951,71107.0,1327,False,1,True,0
1964,46910.0,68,False,2,True,0
1959,18690.0,60,False,0,False,0
1955,37244.0,55,True,2,True,1
1966,82427.0,1456,False,0,False,1
1958,75342.0,563,True,1,True,0
1954,70044.0,1504,True,1,True,0
1967,79146.0,564,True,2,True,0
1963,77437.0,1125,False,0,False,1
1959,54984.0,358,False,1,True,1
1971,42403.0,42,False,1,True,0
1964,55761.0,184,False,1,True,1
1983,37292.0,460,False,1,True,0
1945,45576.0,145,True,0,False,0
1947,70321.0,1376,False,0,False,0
1969,58086.0,792,True,1,True,0
1952,81795.0,1382,False,0,False,0
1947,28389.0,28,False,0,False,0
1946,66835.0,1033,False,0,False,0
1969,69901.0,882,True,1,True,0
1949,80360.0,2231,False,0,False,3
1961,63342.0,1101,False,1,True,1
1974,44989.0,369,False,1,True,0
1980,31859.0,48,True,1,True,0
1949,51569.0,467,True,1,True,1
1971,30372.0,44,True,2,True,0
1979,16014.0,38,True,2,True,0
1968,41120.0,81,False,2,True,0
1971,39763.0,167,True,1,True,0
1955,38725.0,45,False,2,True,0
1972,77981.0,664,False,1,True,0
1964,62905.0,622,False,1,True,0
1979,13533.0,48,True,1,True,0
1975,59481.0,461,False,1,True,0
1977,72117.0,1073,False,1,True,0
1986,21955.0,55,False,1,True,0
1956,67131.0,976,False,1,True,0
1980,36802.0,20,True,1,True,0
1982,71853.0,1149,False,0,False,0
1961,28249.0,43,False,0,False,0
1975,47808.0,224,False,1,True,1
1974,25509.0,101,True,1,True,0
1946,51012.0,209,False,0,False,0
1985,70596.0,968,True,0,False,0
1952,85431.0,1165,False,0,False,0
1967,42664.0,24,False,1,True,0
1955,42586.0,252,False,2,True,0
1985,29760.0,165,True,1,True,0
1977,28973.0,269,False,0,False,0
1973,39435.0,102,False,1,True,0
1984,65370.0,461,False,0,False,0
1979,20194.0,47,True,1,True,0
1976,42473.0,144,True,2,True,0
1968,64590.0,1338,False,0,False,0
1959,71232.0,917,False,1,True,0
1971,34600.0,318,False,2,True,0
1967,46904.0,253,True,2,True,0
1973,49094.0,502,False,1,True,0
1983,36075.0,119,False,1,True,0
1979,60839.0,1250,False,2,True,0
1979,77298.0,969,False,1,True,0
1950,34026.0,76,False,2,True,0
1963,48918.0,62,True,2,True,0
1962,82122.0,1382,False,0,False,1
1976,37697.0,84,True,1,True,0
1952,34074.0,255,False,2,True,1
1960,28520.0,43,False,2,True,0
1955,62535.0,398,True,1,True,0
1977,36273.0,76,True,1,True,0
1964,63404.0,902,False,2,True,1
1981,75774.0,823,False,1,True,0
1976,78416.0,1179,False,1,True,0
1974,75702.0,1921,False,1,True,1
1951,59385.0,185,False,2,True,0
1966,37070.0,433,True,2,True,0
1951,44689.0,34,False,2,True,1
1958,53977.0,907,False,1,True,0
1966,7144.0,416,True,2,True,0
1964,18701.0,44,True,2,True,0
1956,90369.0,1588,False,0,False,0
1974,63159.0,1797,True,0,False,1
1966,37758.0,40,False,2,True,0
1963,46757.0,1143,True,1,True,0
1969,79734.0,914,False,0,False,1
1992,63207.0,1502,False,0,False,1
1954,72071.0,1338,True,1,True,0
1983,21840.0,27,False,1,True,0
1982,58582.0,763,False,1,True,1
1951,72282.0,1331,True,0,False,0
1956,50387.0,525,False,2,True,0
1961,32583.0,9,False,2,True,0
1962,62568.0,953,False,1,True,1
1971,44635.0,68,True,2,True,0
1971,33316.0,131,True,2,True,0
1968,63967.0,882,False,1,True,0
1978,52513.0,1149,False,0,False,0
1969,25293.0,37,False,1,True,0
1965,54111.0,388,True,1,True,0
1986,78394.0,1428,False,0,False,0
1958,80739.0,1633,False,0,False,0
1975,22669.0,173,False,1,True,0
1987,29236.0,99,True,1,True,0
1959,44911.0,215,False,1,True,0
1962,54693.0,929,False,1,True,0
1974,48186.0,219,False,1,True,0
1977,54809.0,174,False,2,True,0
1978,41580.0,92,False,2,True,0
1970,80336.0,1052,False,0,False,0
1957,47743.0,275,False,1,True,1
1955,62972.0,587,False,1,True,0
1954,57333.0,1662,True,1,True,0
1982,32313.0,159,False,1,True,0
1953,84953.0,1024,True,0,False,3
1968,27071.0,35,True,1,True,0
1957,68148.0,1042,False,0,False,0
1965,65735.0,395,False,2,True,0
1975,86836.0,557,False,0,False,3
1990,30093.0,69,False,0,False,0
1966,57705.0,486,False,1,True,0
1988,25008.0,34,True,1,True,0
1995,83257.0,1365,True,0,False,2
1975,22280.0,13,False,1,True,0
1978,72159.0,1401,False,0,False,0
1961,64260.0,1574,False,0,False,0
1984,82733.0,1323,True,0,False,0
1971,74290.0,1217,True,1,True,2
1951,58217.0,103,True,3,True,0
1976,21024.0,84,False,0,False,0
1972,70116.0,1536,False,0,False,0
1985,54006.0,581,False,1,True,0
1966,69063.0,928,False,1,True,0
1975,11448.0,14,True,0,False,0
1979,61825.0,424,True,1,True,0
1971,70886.0,960,False,1,True,0
1982,69109.0,1555,False,0,False,1
1973,60208.0,656,True,2,True,1
1968,32889.0,55,False,2,True,0
1984,34738.0,20,True,1,True,0
1971,30538.0,367,False,1,True,0
1977,82326.0,2257,False,0,False,3
1967,26642.0,42,True,1,True,0
1964,69932.0,1049,True,1,True,0
1972,44503.0,48,True,2,True,0
1948,60200.0,685,True,1,True,0
1952,49638.0,39,True,1,True,0
1987,23830.0,43,True,0,False,0
1959,33051.0,835,True,0,False,0
1958,72905.0,1515,False,0,False,1
1951,69702.0,1039,False,1,True,0
1975,70300.0,1596,True,1,True,0
1984,70643.0,1828,False,0,False,0
1969,30396.0,34,False,1,True,1
1968,50616.0,149,True,1,True,0
1969,62772.0,946,True,1,True,1
1985,30298.0,28,True,0,False,0
1984,52413.0,450,True,1,True,0
1957,44155.0,46,False,2,True,0
1971,86979.0,1702,True,0,False,1
1975,76532.0,820,False,2,True,0
1982,42081.0,382,False,1,True,1
1988,67546.0,2126,False,0,False,0
1989,88420.0,2069,False,0,False,3
1985,31158.0,72,False,1,True,0
1968,61671.0,732,True,1,True,2
1974,69719.0,801,True,0,False,0
1949,49160.0,236,True,1,True,0
1978,24882.0,80,False,1,True,1
1954,90933.0,1685,True,0,False,1
1950,59292.0,507,False,1,True,0
1964,45759.0,68,False,2,True,0
1983,22148.0,49,True,0,False,0
1987,73395.0,397,False,0,False,0
1971,29819.0,39,True,1,True,0
1968,45688.0,306,False,1,True,1
1954,62820.0,976,False,0,False,0
1971,60491.0,1028,False,1,True,0
1986,33235.0,70,False,1,True,0
1959,35701.0,46,False,0,False,0
1980,31535.0,51,False,1,True,1
1960,92556.0,1263,False,0,False,0
1970,67384.0,1490,True,1,True,1
1971,80573.0,1564,False,0,False,0
1967,77870.0,1815,False,1,True,2
1963,52278.0,1198,True,1,True,0
1968,57107.0,416,True,1,True,2
1990,18929.0,85,False,0,False,0
1981,36038.0,47,True,1,True,0
1976,20180.0,137,True,0,False,0
1965,34230.0,21,False,2,True,0
1977,31878.0,70,True,1,True,0
1972,70932.0,909,False,1,True,0
1956,91249.0,1676,True,0,False,4
1943,77598.0,1735,True,0,False,1
1959,80982.0,1191,True,2,True,0
1977,22701.0,24,False,1,True,0
1969,55212.0,1182,False,1,True,2
1970,70617.0,1280,False,0,False,0
1957,64849.0,1336,True,0,False,0
1965,62694.0,749,False,2,True,0
1974,61917.0,91,False,2,True,0
1947,67472.0,414,False,1,True,0
1982,21059.0,44,False,1,True,0
1968,29543.0,63,False,2,True,0
1951,75903.0,901,False,1,True,0
1975,34984.0,38,False,2,True,0
1956,54998.0,455,True,1,True,0
1949,54356.0,775,True,1,True,0
1959,34242.0,15,False,1,True,0
1973,25410.0,38,False,1,True,0
1984,73356.0,1512,False,0,False,3
1950,28320.0,43,False,1,True,0
1977,23763.0,42,True,1,True,0
1984,72570.0,1089,False,0,False,0
1976,34529.0,162,False,1,True,0
1951,70792.0,1272,True,0,False,0
1982,63211.0,1173,False,0,False,0
1974,83891.0,816,False,1,True,0
1968,36065.0,74,True,2,True,0
1954,39898.0,134,False,1,True,0
1940,51141.0,157,True,0,False,0
1976,56939.0,561,False,1,True,0
1951,80872.0,1336,True,0,False,0
1976,72335.0,2092,False,0,False,0
1964,61798.0,463,True,0,False,0
1950,76842.0,1130,True,0,False,0
1976,29478.0,20,False,1,True,0
1956,46998.0,377,True,1,True,1
1990,96843.0,1544,True,0,False,1
1950,56551.0,138,True,2,True,0
1965,70053.0,1012,False,1,True,0
1962,71670.0,1766,True,0,False,3
1978,44359.0,45,False,2,True,0
1952,40887.0,161,True,2,True,0
1966,48877.0,144,True,1,True,0
1947,74485.0,1734,False,0,False,0
1972,64474.0,823,False,1,True,0
1963,77226.0,1138,False,1,True,0
1949,72643.0,1429,True,0,False,1
1978,85738.0,1371,False,0,False,2
1966,55686.0,982,True,1,True,1
1983,39062.0,44,True,1,True,1
1971,34600.0,318,False,2,True,0
1975,40794.0,434,False,1,True,0
1971,54690.0,198,False,2,True,0
1963,32632.0,576,False,0,False,0
1968,38236.0,88,True,2,True,0
1979,36781.0,63,False,1,True,0
1984,31385.0,27,True,1,True,1
1984,24570.0,193,False,1,True,0
1974,25509.0,101,True,1,True,0
1951,94642.0,2211,False,0,False,2
1962,58646.0,140,False,1,True,0
1975,53201.0,415,True,2,True,0
1957,21994.0,22,False,1,True,0
1978,57113.0,263,False,2,True,0
1991,51373.0,393,False,0,False,0
1986,23477.0,147,False,1,True,0
1956,58116.0,443,False,1,True,0
1963,72968.0,1958,True,0,False,1
1971,39791.0,174,False,1,True,0
1947,91712.0,2217,True,0,False,1
1958,94472.0,1691,True,1,True,2
1960,13672.0,25,False,2,True,0
1980,96547.0,809,False,0,False,3
1975,79205.0,895,False,0,False,1
1975,56559.0,484,False,1,True,0
1973,32644.0,413,False,1,True,1
1980,67506.0,331,True,1,True,0
1970,24206.0,25,True,1,True,0
1967,28420.0,13,True,1,True,0
1970,22979.0,115,False,1,True,0
1966,33279.0,16,True,0,False,0
1972,46423.0,92,True,2,True,0
1977,30368.0,52,False,1,True,0
1970,63684.0,1464,False,1,True,0
1964,41638.0,441,True,1,True,1
1959,68805.0,283,True,1,True,0
1966,65814.0,747,False,1,True,0
1958,71964.0,1870,True,0,False,0
1986,39146.0,165,True,1,True,0
1977,96876.0,1941,False,0,False,3
1981,34445.0,839,False,0,False,0
1958,68281.0,1655,True,0,False,0
1975,37284.0,23,False,2,True,0
1983,36790.0,66,False,0,False,0
1967,27943.0,37,False,2,True,0
1951,22263.0,21,True,2,True,0
1972,30261.0,22,False,3,True,0
1978,28587.0,78,False,1,True,0
1982,43815.0,79,False,1,True,0
1956,48195.0,265,False,2,True,0
1952,77027.0,1175,False,1,True,0
1965,71322.0,1305,False,1,True,0
1979,32765.0,46,False,1,True,0
1965,29672.0,25,False,2,True,0
1953,23272.0,46,True,0,False,0
1949,49912.0,874,False,1,True,1
1985,7500.0,100,False,1,True,0
1947,68117.0,930,True,1,True,1
1955,67225.0,868,False,1,True,0
1976,17649.0,45,False,1,True,0
1975,55914.0,1260,False,1,True,0
1984,40059.0,414,False,1,True,1
1950,60905.0,392,False,1,True,0
1977,75330.0,1109,False,2,True,0
1951,60689.0,639,True,1,True,0
1984,38680.0,79,False,1,True,0
1982,61416.0,1665,False,0,False,1
1991,49767.0,692,True,0,False,0
1970,83273.0,1392,True,3,True,0
1981,29009.0,44,False,1,True,0
1979,45057.0,50,False,1,True,0
1971,37150.0,467,False,1,True,0
1970,43020.0,223,True,1,True,0
1959,53154.0,158,False,1,True,0
1973,65308.0,1211,False,0,False,2
1970,76467.0,1575,True,1,True,0
1947,81044.0,1208,False,0,False,0
1951,32871.0,43,False,2,True,0
1975,55801.0,527,True,2,True,1
1959,76320.0,932,True,1,True,0
1955,36927.0,71,True,2,True,0
1953,48794.0,54,False,2,True,0
1965,23478.0,129,True,0,False,0
1973,71128.0,1615,True,1,True,0
1976,70179.0,1034,True,1,True,0
1950,59462.0,1088,False,1,True,0
1969,51381.5,721,False,2,True,0
1969,38361.0,137,False,1,True,0
1981,51381.5,47,True,1,True,0
1982,70038.0,1244,False,0,False,0
1978,42554.0,41,False,2,True,0
1974,67445.0,1174,False,1,True,0
1951,67046.0,993,True,1,True,0
1948,42192.0,100,False,0,False,0
1952,77610.0,1680,False,1,True,0
1984,31761.0,98,False,1,True,0
1979,34350.0,48,False,1,True,0
1949,54591.0,519,False,1,True,0
1956,71866.0,715,False,1,True,0
1969,25293.0,37,False,1,True,0
1987,42000.0,653,True,0,False,0
1983,69520.0,1455,False,0,False,0
1970,64713.0,602,True,1,True,0
1977,27889.0,26,False,1,True,0
1960,22123.0,102,True,0,False,0
1971,51381.5,97,False,2,True,0
1954,51381.5,207,False,1,True,0
1973,27803.0,176,False,1,True,0
1955,51381.5,450,True,1,True,0
1960,51651.0,433,False,1,True,0
1988,68487.0,1366,False,0,False,0
1943,51381.5,1564,True,0,False,1
1969,56796.0,1001,False,1,True,0
1992,87000.0,961,False,0,False,0
1959,79823.0,1518,False,1,True,1
1980,30828.0,56,True,1,True,0
1971,34109.0,22,False,1,True,0
1974,53367.0,400,True,2,True,0
1969,22390.0,26,False,0,False,0
1976,71322.0,350,False,1,True,0
1993,79244.0,1216,True,0,False,2
1949,49912.0,874,False,1,True,1
1950,48699.0,40,False,2,True,0
1975,80144.0,1367,False,0,False,0
1956,54252.0,264,True,2,True,0
1976,81929.0,2053,False,1,True,2
1975,76068.0,1376,False,1,True,2
1976,53204.0,45,False,2,True,0
1949,67911.0,976,False,1,True,0
1984,14796.0,51,False,1,True,0
1974,78128.0,1264,False,1,True,2
1972,14188.0,75,False,0,False,0
1986,20425.0,57,False,1,True,0
1962,58646.0,140,False,1,True,0
1970,72967.0,497,True,1,True,1
1949,48150.0,266,False,1,True,0
1961,82332.0,2006,True,0,False,1
1955,58275.0,615,True,2,True,0
1981,44953.0,1021,False,0,False,1
1953,34587.0,22,False,2,True,0
1974,43018.0,133,False,1,True,0
1954,45736.0,437,False,1,True,0
1969,66476.0,1013,False,1,True,0
1981,27733.0,57,False,1,True,0
1952,69805.0,1038,False,1,True,0
1962,72217.0,1573,True,0,False,0
1971,25818.0,28,True,1,True,0
1976,37509.0,123,False,1,True,0
1976,25176.0,13,False,2,True,0
1980,43586.0,132,False,1,True,0
1956,53230.0,732,False,1,True,0
1957,50116.0,66,False,2,True,1
1972,84906.0,1631,False,0,False,3
1966,61286.0,608,False,1,True,0
1986,82333.0,1822,False,0,False,1
1965,65220.0,1282,False,0,False,0
1974,33590.0,8,False,3,True,0
1976,30992.0,43,True,1,True,0
1976,72309.0,1931,True,0,False,1
1949,156924.0,8,False,0,False,0
1980,16005.0,103,False,1,True,0
1957,65487.0,1169,True,0,False,0
1965,58692.0,395,False,1,True,0
1969,40590.0,258,True,2,True,1
1970,20587.0,25,True,1,True,0
1954,62637.0,185,True,1,True,0
1966,29435.0,180,True,2,True,0
1974,19346.0,22,True,1,True,0
1971,35788.0,44,False,2,True,0
1968,36997.0,94,True,2,True,0
1957,23539.0,81,False,0,False,0
1973,65333.0,798,True,1,True,2
1957,78499.0,1334,True,0,False,1
1971,29732.0,38,False,1,True,0
1960,41275.0,61,False,3,True,0
1973,63516.0,300,False,2,True,0
1962,42769.0,88,False,1,True,0
1958,49572.0,54,False,2,True,0
1972,69209.0,1782,False,0,False,1
1976,17148.0,68,False,1,True,0
1969,40590.0,258,True,2,True,1
1976,30560.0,31,False,1,True,0
1983,32146.0,66,False,1,True,0
1964,41713.0,174,True,2,True,0
1975,34176.0,28,False,1,True,0
1955,58482.0,731,False,1,True,1
1965,59686.0,274,True,1,True,0
1964,60896.0,1701,False,1,True,0
1980,62994.0,312,False,1,True,0
1957,47320.0,414,False,1,True,0
1949,74859.0,1565,True,0,False,1
1992,15253.0,29,True,1,True,0
1974,31560.0,94,True,1,True,0
1954,72071.0,1338,True,1,True,0
1990,91172.0,1092,True,0,False,4
1984,90000.0,1479,False,0,False,3
1981,41967.0,54,True,2,True,0
1965,69263.0,568,True,1,True,1
1970,65706.0,1199,True,0,False,3
1975,60934.0,873,False,1,True,0
1951,71965.0,1213,False,1,True,0
1955,65210.0,731,False,1,True,2
1975,79174.0,2043,False,0,False,2
1967,81380.0,1893,True,0,False,0
1973,48432.0,424,True,1,True,0
1971,52914.0,575,False,1,True,1
1955,38946.0,257,False,1,True,0
1974,26067.0,56,False,1,True,0
1972,44325.0,542,False,1,True,1
1964,42523.0,125,False,0,False,0
1978,26487.0,69,True,1,True,0
1957,53233.0,40,False,1,True,0
1960,67716.0,1016,False,1,True,1
1972,76234.0,907,False,1,True,1
1956,84117.0,1566,False,0,False,1
1957,65487.0,1169,False,0,False,0
1972,25224.0,46,False,1,True,0
1983,89616.0,1644,True,0,False,0
1971,40851.0,59,True,2,True,0
1947,27469.0,17,False,0,False,0
1957,82347.0,1853,False,0,False,2
1957,73803.0,1528,False,1,True,1
1952,8820.0,35,True,2,True,0
1974,43322.0,141,True,0,False,0
1973,55593.0,546,False,1,True,1
1954,50501.0,500,False,2,True,1
1975,37085.0,61,False,2,True,0
1990,16185.0,106,True,1,True,0
1969,57731.0,704,True,1,True,0
1973,48432.0,424,True,1,True,0
1978,73807.0,849,False,1,True,0
1990,18929.0,85,False,0,False,0
1968,35893.0,199,True,2,True,0
1980,61014.0,1147,False,1,True,0
1954,32144.0,54,False,2,True,1
1963,14918.0,43,False,1,True,0
1963,45146.0,53,True,2,True,0
1955,41769.0,521,True,1,True,0
1981,88325.0,1623,False,0,False,0
1950,38054.0,45,True,2,True,0
1995,80617.0,1435,True,0,False,0
1976,5305.0,32,False,1,True,0
1954,36807.0,16,False,2,True,0
1983,28427.0,52,False,1,True,0
1948,82032.0,1234,True,0,False,0
1978,22775.0,15,False,1,True,0
1985,40101.0,415,False,1,True,0
1979,58025.0,470,False,1,True,0
1982,75777.0,1438,True,0,False,2
1979,7500.0,53,False,1,True,0
1963,33562.0,51,False,3,True,0
1970,57642.0,679,True,1,True,1
1968,58554.0,586,False,2,True,0
1979,63777.0,653,False,2,True,0
1962,57967.0,468,True,1,True,0
1978,51381.5,1679,False,0,False,1
1972,24434.0,50,False,2,True,0
1984,11012.0,84,True,1,True,1
1970,44802.0,1049,True,0,False,0
1986,26816.0,22,True,0,False,0
1977,666666.0,62,False,1,True,0
1974,34421.0,30,False,1,True,0
1967,61223.0,1341,False,1,True,0
1946,64014.0,444,False,3,True,1
1981,56981.0,1241,True,0,False,1
1956,69245.0,843,False,1,True,0
1954,52869.0,172,False,2,True,0
